solid OpenSCAD_Model
  facet normal 0.843784 0.536683 0
    outer loop
      vertex 119.33 32.5 10
      vertex 119.096 32.8679 0
      vertex 119.096 32.8679 10
    endloop
  endfacet
  facet normal 0.843784 0.536683 0
    outer loop
      vertex 119.096 32.8679 0
      vertex 119.33 32.5 10
      vertex 119.33 32.5 0
    endloop
  endfacet
  facet normal -0.991423 -0.130692 0
    outer loop
      vertex -119.924 -30.8682 0
      vertex -119.981 -30.4358 10
      vertex -119.981 -30.4358 0
    endloop
  endfacet
  facet normal -0.991423 -0.130692 0
    outer loop
      vertex -119.981 -30.4358 10
      vertex -119.924 -30.8682 0
      vertex -119.924 -30.8682 10
    endloop
  endfacet
  facet normal 0.953166 0.302447 0
    outer loop
      vertex 119.83 31.2941 10
      vertex 119.698 31.7101 0
      vertex 119.698 31.7101 10
    endloop
  endfacet
  facet normal 0.953166 0.302447 0
    outer loop
      vertex 119.698 31.7101 0
      vertex 119.83 31.2941 10
      vertex 119.83 31.2941 0
    endloop
  endfacet
  facet normal -0.999051 -0.0435566 0
    outer loop
      vertex -119.981 -30.4358 0
      vertex -120 -30 10
      vertex -120 -30 0
    endloop
  endfacet
  facet normal -0.999051 -0.0435566 0
    outer loop
      vertex -120 -30 10
      vertex -119.981 -30.4358 0
      vertex -119.981 -30.4358 10
    endloop
  endfacet
  facet normal 0.130811 0.991407 -0
    outer loop
      vertex 115.868 34.924 0
      vertex 115.436 34.981 10
      vertex 115.868 34.924 10
    endloop
  endfacet
  facet normal 0.130811 0.991407 0
    outer loop
      vertex 115.436 34.981 10
      vertex 115.868 34.924 0
      vertex 115.436 34.981 0
    endloop
  endfacet
  facet normal -0.300572 0.953759 0
    outer loop
      vertex -116.294 34.8296 0
      vertex -116.71 34.6985 10
      vertex -116.294 34.8296 10
    endloop
  endfacet
  facet normal -0.300572 0.953759 0
    outer loop
      vertex -116.71 34.6985 10
      vertex -116.294 34.8296 0
      vertex -116.71 34.6985 0
    endloop
  endfacet
  facet normal 0 1 -0
    outer loop
      vertex 115 35 0
      vertex -115 35 10
      vertex 115 35 10
    endloop
  endfacet
  facet normal 0 1 0
    outer loop
      vertex -115 35 10
      vertex 115 35 0
      vertex -115 35 0
    endloop
  endfacet
  facet normal 0.843784 -0.536683 0
    outer loop
      vertex 119.096 -32.8679 10
      vertex 119.33 -32.5 0
      vertex 119.33 -32.5 10
    endloop
  endfacet
  facet normal 0.843784 -0.536683 0
    outer loop
      vertex 119.33 -32.5 0
      vertex 119.096 -32.8679 10
      vertex 119.096 -32.8679 0
    endloop
  endfacet
  facet normal -0.999051 0.0435566 0
    outer loop
      vertex -120 30 0
      vertex -119.981 30.4358 10
      vertex -119.981 30.4358 0
    endloop
  endfacet
  facet normal -0.999051 0.0435566 0
    outer loop
      vertex -119.981 30.4358 10
      vertex -120 30 0
      vertex -120 30 10
    endloop
  endfacet
  facet normal 0.924631 -0.380865 0
    outer loop
      vertex 119.532 -32.1131 10
      vertex 119.698 -31.7101 0
      vertex 119.698 -31.7101 10
    endloop
  endfacet
  facet normal 0.924631 -0.380865 0
    outer loop
      vertex 119.698 -31.7101 0
      vertex 119.532 -32.1131 10
      vertex 119.532 -32.1131 0
    endloop
  endfacet
  facet normal -0.130811 0.991407 0
    outer loop
      vertex -115.436 34.981 0
      vertex -115.868 34.924 10
      vertex -115.436 34.981 10
    endloop
  endfacet
  facet normal -0.130811 0.991407 0
    outer loop
      vertex -115.868 34.924 10
      vertex -115.436 34.981 0
      vertex -115.868 34.924 0
    endloop
  endfacet
  facet normal -0.382824 0.923821 0
    outer loop
      vertex -116.71 34.6985 0
      vertex -117.113 34.5315 10
      vertex -116.71 34.6985 10
    endloop
  endfacet
  facet normal -0.382824 0.923821 0
    outer loop
      vertex -117.113 34.5315 10
      vertex -116.71 34.6985 0
      vertex -117.113 34.5315 0
    endloop
  endfacet
  facet normal 1 -0 0
    outer loop
      vertex 120 -30 10
      vertex 120 30 0
      vertex 120 30 10
    endloop
  endfacet
  facet normal 1 0 0
    outer loop
      vertex 120 30 0
      vertex 120 -30 10
      vertex 120 -30 0
    endloop
  endfacet
  facet normal -0.792794 0.609489 0
    outer loop
      vertex -119.096 32.8679 0
      vertex -118.83 33.2139 10
      vertex -118.83 33.2139 0
    endloop
  endfacet
  facet normal -0.792794 0.609489 0
    outer loop
      vertex -118.83 33.2139 10
      vertex -119.096 32.8679 0
      vertex -119.096 32.8679 10
    endloop
  endfacet
  facet normal 0.999051 0.0435566 0
    outer loop
      vertex 120 30 10
      vertex 119.981 30.4358 0
      vertex 119.981 30.4358 10
    endloop
  endfacet
  facet normal 0.999051 0.0435566 0
    outer loop
      vertex 119.981 30.4358 0
      vertex 120 30 10
      vertex 120 30 0
    endloop
  endfacet
  facet normal 0.886454 0.462817 0
    outer loop
      vertex 119.532 32.1131 10
      vertex 119.33 32.5 0
      vertex 119.33 32.5 10
    endloop
  endfacet
  facet normal 0.886454 0.462817 0
    outer loop
      vertex 119.33 32.5 0
      vertex 119.532 32.1131 10
      vertex 119.532 32.1131 0
    endloop
  endfacet
  facet normal 0.999051 -0.0435566 0
    outer loop
      vertex 119.981 -30.4358 10
      vertex 120 -30 0
      vertex 120 -30 10
    endloop
  endfacet
  facet normal 0.999051 -0.0435566 0
    outer loop
      vertex 120 -30 0
      vertex 119.981 -30.4358 10
      vertex 119.981 -30.4358 0
    endloop
  endfacet
  facet normal -0.886454 0.462817 0
    outer loop
      vertex -119.532 32.1131 0
      vertex -119.33 32.5 10
      vertex -119.33 32.5 0
    endloop
  endfacet
  facet normal -0.886454 0.462817 0
    outer loop
      vertex -119.33 32.5 10
      vertex -119.532 32.1131 0
      vertex -119.532 32.1131 10
    endloop
  endfacet
  facet normal 0.216348 0.976316 -0
    outer loop
      vertex 116.294 34.8296 0
      vertex 115.868 34.924 10
      vertex 116.294 34.8296 10
    endloop
  endfacet
  facet normal 0.216348 0.976316 0
    outer loop
      vertex 115.868 34.924 10
      vertex 116.294 34.8296 0
      vertex 115.868 34.924 0
    endloop
  endfacet
  facet normal 0.924631 0.380865 0
    outer loop
      vertex 119.698 31.7101 10
      vertex 119.532 32.1131 0
      vertex 119.532 32.1131 10
    endloop
  endfacet
  facet normal 0.924631 0.380865 0
    outer loop
      vertex 119.532 32.1131 0
      vertex 119.698 31.7101 10
      vertex 119.698 31.7101 0
    endloop
  endfacet
  facet normal -1 0 0
    outer loop
      vertex -120 -30 0
      vertex -120 30 10
      vertex -120 30 0
    endloop
  endfacet
  facet normal -1 -0 0
    outer loop
      vertex -120 30 10
      vertex -120 -30 0
      vertex -120 -30 10
    endloop
  endfacet
  facet normal 0.130811 -0.991407 0
    outer loop
      vertex 115.436 -34.981 0
      vertex 115.868 -34.924 10
      vertex 115.436 -34.981 10
    endloop
  endfacet
  facet normal 0.130811 -0.991407 0
    outer loop
      vertex 115.868 -34.924 10
      vertex 115.436 -34.981 0
      vertex 115.868 -34.924 0
    endloop
  endfacet
  facet normal 0.0435367 -0.999052 0
    outer loop
      vertex 115 -35 0
      vertex 115.436 -34.981 10
      vertex 115 -35 10
    endloop
  endfacet
  facet normal 0.0435367 -0.999052 0
    outer loop
      vertex 115.436 -34.981 10
      vertex 115 -35 0
      vertex 115.436 -34.981 0
    endloop
  endfacet
  facet normal 0.675143 -0.737686 0
    outer loop
      vertex 118.214 -33.8302 0
      vertex 118.536 -33.5355 10
      vertex 118.214 -33.8302 10
    endloop
  endfacet
  facet normal 0.675143 -0.737686 0
    outer loop
      vertex 118.536 -33.5355 10
      vertex 118.214 -33.8302 0
      vertex 118.536 -33.5355 0
    endloop
  endfacet
  facet normal -0.991423 0.130692 0
    outer loop
      vertex -119.981 30.4358 0
      vertex -119.924 30.8682 10
      vertex -119.924 30.8682 0
    endloop
  endfacet
  facet normal -0.991423 0.130692 0
    outer loop
      vertex -119.924 30.8682 10
      vertex -119.981 30.4358 0
      vertex -119.981 30.4358 10
    endloop
  endfacet
  facet normal 0 -1 0
    outer loop
      vertex -115 -35 0
      vertex 115 -35 10
      vertex -115 -35 10
    endloop
  endfacet
  facet normal 0 -1 -0
    outer loop
      vertex 115 -35 10
      vertex -115 -35 0
      vertex 115 -35 0
    endloop
  endfacet
  facet normal -0.843784 0.536683 0
    outer loop
      vertex -119.33 32.5 0
      vertex -119.096 32.8679 10
      vertex -119.096 32.8679 0
    endloop
  endfacet
  facet normal -0.843784 0.536683 0
    outer loop
      vertex -119.096 32.8679 10
      vertex -119.33 32.5 0
      vertex -119.33 32.5 10
    endloop
  endfacet
  facet normal 0.382824 -0.923821 0
    outer loop
      vertex 116.71 -34.6985 0
      vertex 117.113 -34.5315 10
      vertex 116.71 -34.6985 10
    endloop
  endfacet
  facet normal 0.382824 -0.923821 0
    outer loop
      vertex 117.113 -34.5315 10
      vertex 116.71 -34.6985 0
      vertex 117.113 -34.5315 0
    endloop
  endfacet
  facet normal -0.216348 -0.976316 0
    outer loop
      vertex -116.294 -34.8296 0
      vertex -115.868 -34.924 10
      vertex -116.294 -34.8296 10
    endloop
  endfacet
  facet normal -0.216348 -0.976316 -0
    outer loop
      vertex -115.868 -34.924 10
      vertex -116.294 -34.8296 0
      vertex -115.868 -34.924 0
    endloop
  endfacet
  facet normal -0.738068 -0.674726 0
    outer loop
      vertex -118.536 -33.5355 0
      vertex -118.83 -33.2139 10
      vertex -118.83 -33.2139 0
    endloop
  endfacet
  facet normal -0.738068 -0.674726 0
    outer loop
      vertex -118.83 -33.2139 10
      vertex -118.536 -33.5355 0
      vertex -118.536 -33.5355 10
    endloop
  endfacet
  facet normal -0.886454 -0.462817 0
    outer loop
      vertex -119.33 -32.5 0
      vertex -119.532 -32.1131 10
      vertex -119.532 -32.1131 0
    endloop
  endfacet
  facet normal -0.886454 -0.462817 0
    outer loop
      vertex -119.532 -32.1131 10
      vertex -119.33 -32.5 0
      vertex -119.33 -32.5 10
    endloop
  endfacet
  facet normal 0.792794 -0.609489 0
    outer loop
      vertex 118.83 -33.2139 10
      vertex 119.096 -32.8679 0
      vertex 119.096 -32.8679 10
    endloop
  endfacet
  facet normal 0.792794 -0.609489 0
    outer loop
      vertex 119.096 -32.8679 0
      vertex 118.83 -33.2139 10
      vertex 118.83 -33.2139 0
    endloop
  endfacet
  facet normal 0.608768 -0.793348 0
    outer loop
      vertex 117.868 -34.0957 0
      vertex 118.214 -33.8302 10
      vertex 117.868 -34.0957 10
    endloop
  endfacet
  facet normal 0.608768 -0.793348 0
    outer loop
      vertex 118.214 -33.8302 10
      vertex 117.868 -34.0957 0
      vertex 118.214 -33.8302 0
    endloop
  endfacet
  facet normal -0.216348 0.976316 0
    outer loop
      vertex -115.868 34.924 0
      vertex -116.294 34.8296 10
      vertex -115.868 34.924 10
    endloop
  endfacet
  facet normal -0.216348 0.976316 0
    outer loop
      vertex -116.294 34.8296 10
      vertex -115.868 34.924 0
      vertex -116.294 34.8296 0
    endloop
  endfacet
  facet normal 0.382824 0.923821 -0
    outer loop
      vertex 117.113 34.5315 0
      vertex 116.71 34.6985 10
      vertex 117.113 34.5315 10
    endloop
  endfacet
  facet normal 0.382824 0.923821 0
    outer loop
      vertex 116.71 34.6985 10
      vertex 117.113 34.5315 0
      vertex 116.71 34.6985 0
    endloop
  endfacet
  facet normal -0.675143 -0.737686 0
    outer loop
      vertex -118.536 -33.5355 0
      vertex -118.214 -33.8302 10
      vertex -118.536 -33.5355 10
    endloop
  endfacet
  facet normal -0.675143 -0.737686 -0
    outer loop
      vertex -118.214 -33.8302 10
      vertex -118.536 -33.5355 0
      vertex -118.214 -33.8302 0
    endloop
  endfacet
  facet normal 0.300572 0.953759 -0
    outer loop
      vertex 116.71 34.6985 0
      vertex 116.294 34.8296 10
      vertex 116.71 34.6985 10
    endloop
  endfacet
  facet normal 0.300572 0.953759 0
    outer loop
      vertex 116.294 34.8296 10
      vertex 116.71 34.6985 0
      vertex 116.294 34.8296 0
    endloop
  endfacet
  facet normal -0.0435367 0.999052 0
    outer loop
      vertex -115 35 0
      vertex -115.436 34.981 10
      vertex -115 35 10
    endloop
  endfacet
  facet normal -0.0435367 0.999052 0
    outer loop
      vertex -115.436 34.981 10
      vertex -115 35 0
      vertex -115.436 34.981 0
    endloop
  endfacet
  facet normal 0.608768 0.793348 -0
    outer loop
      vertex 118.214 33.8302 0
      vertex 117.868 34.0957 10
      vertex 118.214 33.8302 10
    endloop
  endfacet
  facet normal 0.608768 0.793348 0
    outer loop
      vertex 117.868 34.0957 10
      vertex 118.214 33.8302 0
      vertex 117.868 34.0957 0
    endloop
  endfacet
  facet normal 0.976499 -0.215522 0
    outer loop
      vertex 119.83 -31.2941 10
      vertex 119.924 -30.8682 0
      vertex 119.924 -30.8682 10
    endloop
  endfacet
  facet normal 0.976499 -0.215522 0
    outer loop
      vertex 119.924 -30.8682 0
      vertex 119.83 -31.2941 10
      vertex 119.83 -31.2941 0
    endloop
  endfacet
  facet normal 0.461641 -0.887067 0
    outer loop
      vertex 117.113 -34.5315 0
      vertex 117.5 -34.3301 10
      vertex 117.113 -34.5315 10
    endloop
  endfacet
  facet normal 0.461641 -0.887067 0
    outer loop
      vertex 117.5 -34.3301 10
      vertex 117.113 -34.5315 0
      vertex 117.5 -34.3301 0
    endloop
  endfacet
  facet normal -0.953166 0.302447 0
    outer loop
      vertex -119.83 31.2941 0
      vertex -119.698 31.7101 10
      vertex -119.698 31.7101 0
    endloop
  endfacet
  facet normal -0.953166 0.302447 0
    outer loop
      vertex -119.698 31.7101 10
      vertex -119.83 31.2941 0
      vertex -119.83 31.2941 10
    endloop
  endfacet
  facet normal -0.608768 0.793348 0
    outer loop
      vertex -117.868 34.0957 0
      vertex -118.214 33.8302 10
      vertex -117.868 34.0957 10
    endloop
  endfacet
  facet normal -0.608768 0.793348 0
    outer loop
      vertex -118.214 33.8302 10
      vertex -117.868 34.0957 0
      vertex -118.214 33.8302 0
    endloop
  endfacet
  facet normal 0.976499 0.215522 0
    outer loop
      vertex 119.924 30.8682 10
      vertex 119.83 31.2941 0
      vertex 119.83 31.2941 10
    endloop
  endfacet
  facet normal 0.976499 0.215522 0
    outer loop
      vertex 119.83 31.2941 0
      vertex 119.924 30.8682 10
      vertex 119.924 30.8682 0
    endloop
  endfacet
  facet normal -0.461641 0.887067 0
    outer loop
      vertex -117.113 34.5315 0
      vertex -117.5 34.3301 10
      vertex -117.113 34.5315 10
    endloop
  endfacet
  facet normal -0.461641 0.887067 0
    outer loop
      vertex -117.5 34.3301 10
      vertex -117.113 34.5315 0
      vertex -117.5 34.3301 0
    endloop
  endfacet
  facet normal 0.991423 0.130692 0
    outer loop
      vertex 119.981 30.4358 10
      vertex 119.924 30.8682 0
      vertex 119.924 30.8682 10
    endloop
  endfacet
  facet normal 0.991423 0.130692 0
    outer loop
      vertex 119.924 30.8682 0
      vertex 119.981 30.4358 10
      vertex 119.981 30.4358 0
    endloop
  endfacet
  facet normal 0.953166 -0.302447 0
    outer loop
      vertex 119.698 -31.7101 10
      vertex 119.83 -31.2941 0
      vertex 119.83 -31.2941 10
    endloop
  endfacet
  facet normal 0.953166 -0.302447 0
    outer loop
      vertex 119.83 -31.2941 0
      vertex 119.698 -31.7101 10
      vertex 119.698 -31.7101 0
    endloop
  endfacet
  facet normal 0.792794 0.609489 0
    outer loop
      vertex 119.096 32.8679 10
      vertex 118.83 33.2139 0
      vertex 118.83 33.2139 10
    endloop
  endfacet
  facet normal 0.792794 0.609489 0
    outer loop
      vertex 118.83 33.2139 0
      vertex 119.096 32.8679 10
      vertex 119.096 32.8679 0
    endloop
  endfacet
  facet normal -0.537231 0.843435 0
    outer loop
      vertex -117.5 34.3301 0
      vertex -117.868 34.0957 10
      vertex -117.5 34.3301 10
    endloop
  endfacet
  facet normal -0.537231 0.843435 0
    outer loop
      vertex -117.868 34.0957 10
      vertex -117.5 34.3301 0
      vertex -117.868 34.0957 0
    endloop
  endfacet
  facet normal -0.130811 -0.991407 0
    outer loop
      vertex -115.868 -34.924 0
      vertex -115.436 -34.981 10
      vertex -115.868 -34.924 10
    endloop
  endfacet
  facet normal -0.130811 -0.991407 -0
    outer loop
      vertex -115.436 -34.981 10
      vertex -115.868 -34.924 0
      vertex -115.436 -34.981 0
    endloop
  endfacet
  facet normal 0.216348 -0.976316 0
    outer loop
      vertex 115.868 -34.924 0
      vertex 116.294 -34.8296 10
      vertex 115.868 -34.924 10
    endloop
  endfacet
  facet normal 0.216348 -0.976316 0
    outer loop
      vertex 116.294 -34.8296 10
      vertex 115.868 -34.924 0
      vertex 116.294 -34.8296 0
    endloop
  endfacet
  facet normal 0.0435367 0.999052 -0
    outer loop
      vertex 115.436 34.981 0
      vertex 115 35 10
      vertex 115.436 34.981 10
    endloop
  endfacet
  facet normal 0.0435367 0.999052 0
    outer loop
      vertex 115 35 10
      vertex 115.436 34.981 0
      vertex 115 35 0
    endloop
  endfacet
  facet normal 0.461641 0.887067 -0
    outer loop
      vertex 117.5 34.3301 0
      vertex 117.113 34.5315 10
      vertex 117.5 34.3301 10
    endloop
  endfacet
  facet normal 0.461641 0.887067 0
    outer loop
      vertex 117.113 34.5315 10
      vertex 117.5 34.3301 0
      vertex 117.113 34.5315 0
    endloop
  endfacet
  facet normal -0.924631 0.380865 0
    outer loop
      vertex -119.698 31.7101 0
      vertex -119.532 32.1131 10
      vertex -119.532 32.1131 0
    endloop
  endfacet
  facet normal -0.924631 0.380865 0
    outer loop
      vertex -119.532 32.1131 10
      vertex -119.698 31.7101 0
      vertex -119.698 31.7101 10
    endloop
  endfacet
  facet normal -0.976499 0.215522 0
    outer loop
      vertex -119.924 30.8682 0
      vertex -119.83 31.2941 10
      vertex -119.83 31.2941 0
    endloop
  endfacet
  facet normal -0.976499 0.215522 0
    outer loop
      vertex -119.83 31.2941 10
      vertex -119.924 30.8682 0
      vertex -119.924 30.8682 10
    endloop
  endfacet
  facet normal 0 0 -1
    outer loop
      vertex 115 -35 0
      vertex 120 -30 0
      vertex 119.981 -30.4358 0
    endloop
  endfacet
  facet normal -0 0 -1
    outer loop
      vertex 120 -30 0
      vertex 115 -35 0
      vertex 120 30 0
    endloop
  endfacet
  facet normal 0 0 -1
    outer loop
      vertex 115 -35 0
      vertex 119.981 -30.4358 0
      vertex 119.924 -30.8682 0
    endloop
  endfacet
  facet normal 0 0 -1
    outer loop
      vertex 115 35 0
      vertex 120 30 0
      vertex 115 -35 0
    endloop
  endfacet
  facet normal 0 0 -1
    outer loop
      vertex 115 -35 0
      vertex 119.924 -30.8682 0
      vertex 119.83 -31.2941 0
    endloop
  endfacet
  facet normal 0 0 -1
    outer loop
      vertex 120 30 0
      vertex 115 35 0
      vertex 119.981 30.4358 0
    endloop
  endfacet
  facet normal 0 0 -1
    outer loop
      vertex 115 -35 0
      vertex 119.83 -31.2941 0
      vertex 119.698 -31.7101 0
    endloop
  endfacet
  facet normal 0 0 -1
    outer loop
      vertex 119.981 30.4358 0
      vertex 115 35 0
      vertex 119.924 30.8682 0
    endloop
  endfacet
  facet normal 0 0 -1
    outer loop
      vertex 115 -35 0
      vertex 119.698 -31.7101 0
      vertex 119.532 -32.1131 0
    endloop
  endfacet
  facet normal 0 0 -1
    outer loop
      vertex 119.924 30.8682 0
      vertex 115 35 0
      vertex 119.83 31.2941 0
    endloop
  endfacet
  facet normal 0 0 -1
    outer loop
      vertex 115 -35 0
      vertex 119.532 -32.1131 0
      vertex 119.33 -32.5 0
    endloop
  endfacet
  facet normal 0 0 -1
    outer loop
      vertex 119.83 31.2941 0
      vertex 115 35 0
      vertex 119.698 31.7101 0
    endloop
  endfacet
  facet normal 0 0 -1
    outer loop
      vertex 115 -35 0
      vertex 119.33 -32.5 0
      vertex 119.096 -32.8679 0
    endloop
  endfacet
  facet normal 0 0 -1
    outer loop
      vertex 119.698 31.7101 0
      vertex 115 35 0
      vertex 119.532 32.1131 0
    endloop
  endfacet
  facet normal 0 0 -1
    outer loop
      vertex 115 -35 0
      vertex 119.096 -32.8679 0
      vertex 118.83 -33.2139 0
    endloop
  endfacet
  facet normal 0 0 -1
    outer loop
      vertex 119.532 32.1131 0
      vertex 115 35 0
      vertex 119.33 32.5 0
    endloop
  endfacet
  facet normal 0 0 -1
    outer loop
      vertex 115 -35 0
      vertex 118.83 -33.2139 0
      vertex 118.536 -33.5355 0
    endloop
  endfacet
  facet normal 0 0 -1
    outer loop
      vertex 119.33 32.5 0
      vertex 115 35 0
      vertex 119.096 32.8679 0
    endloop
  endfacet
  facet normal 0 0 -1
    outer loop
      vertex 115 -35 0
      vertex 118.536 -33.5355 0
      vertex 118.214 -33.8302 0
    endloop
  endfacet
  facet normal 0 0 -1
    outer loop
      vertex 119.096 32.8679 0
      vertex 115 35 0
      vertex 118.83 33.2139 0
    endloop
  endfacet
  facet normal 0 0 -1
    outer loop
      vertex 115 -35 0
      vertex 118.214 -33.8302 0
      vertex 117.868 -34.0957 0
    endloop
  endfacet
  facet normal 0 0 -1
    outer loop
      vertex 118.83 33.2139 0
      vertex 115 35 0
      vertex 118.536 33.5355 0
    endloop
  endfacet
  facet normal 0 0 -1
    outer loop
      vertex 115 -35 0
      vertex 117.868 -34.0957 0
      vertex 117.5 -34.3301 0
    endloop
  endfacet
  facet normal 0 0 -1
    outer loop
      vertex 118.536 33.5355 0
      vertex 115 35 0
      vertex 118.214 33.8302 0
    endloop
  endfacet
  facet normal 0 0 -1
    outer loop
      vertex 115 -35 0
      vertex 117.5 -34.3301 0
      vertex 117.113 -34.5315 0
    endloop
  endfacet
  facet normal 0 0 -1
    outer loop
      vertex 118.214 33.8302 0
      vertex 115 35 0
      vertex 117.868 34.0957 0
    endloop
  endfacet
  facet normal 0 0 -1
    outer loop
      vertex 115 -35 0
      vertex 117.113 -34.5315 0
      vertex 116.71 -34.6985 0
    endloop
  endfacet
  facet normal 0 0 -1
    outer loop
      vertex 117.868 34.0957 0
      vertex 115 35 0
      vertex 117.5 34.3301 0
    endloop
  endfacet
  facet normal 0 0 -1
    outer loop
      vertex 115 -35 0
      vertex 116.71 -34.6985 0
      vertex 116.294 -34.8296 0
    endloop
  endfacet
  facet normal 0 0 -1
    outer loop
      vertex 117.5 34.3301 0
      vertex 115 35 0
      vertex 117.113 34.5315 0
    endloop
  endfacet
  facet normal 0 0 -1
    outer loop
      vertex 115 -35 0
      vertex 116.294 -34.8296 0
      vertex 115.868 -34.924 0
    endloop
  endfacet
  facet normal 0 0 -1
    outer loop
      vertex 117.113 34.5315 0
      vertex 115 35 0
      vertex 116.71 34.6985 0
    endloop
  endfacet
  facet normal 0 0 -1
    outer loop
      vertex 115 -35 0
      vertex 115.868 -34.924 0
      vertex 115.436 -34.981 0
    endloop
  endfacet
  facet normal 0 0 -1
    outer loop
      vertex 116.71 34.6985 0
      vertex 115 35 0
      vertex 116.294 34.8296 0
    endloop
  endfacet
  facet normal 0 0 -1
    outer loop
      vertex 116.294 34.8296 0
      vertex 115 35 0
      vertex 115.868 34.924 0
    endloop
  endfacet
  facet normal 0 0 -1
    outer loop
      vertex 115.868 34.924 0
      vertex 115 35 0
      vertex 115.436 34.981 0
    endloop
  endfacet
  facet normal 0 0 -1
    outer loop
      vertex -115 -35 0
      vertex 115 35 0
      vertex 115 -35 0
    endloop
  endfacet
  facet normal 0 0 -1
    outer loop
      vertex -115 -35 0
      vertex -115 35 0
      vertex 115 35 0
    endloop
  endfacet
  facet normal 0 0 -1
    outer loop
      vertex -120 -30 0
      vertex -115 -35 0
      vertex -115.436 -34.981 0
    endloop
  endfacet
  facet normal 0 0 -1
    outer loop
      vertex -115 -35 0
      vertex -120 -30 0
      vertex -115 35 0
    endloop
  endfacet
  facet normal 0 0 -1
    outer loop
      vertex -120 -30 0
      vertex -115.436 -34.981 0
      vertex -115.868 -34.924 0
    endloop
  endfacet
  facet normal 0 0 -1
    outer loop
      vertex -120 30 0
      vertex -115 35 0
      vertex -120 -30 0
    endloop
  endfacet
  facet normal 0 0 -1
    outer loop
      vertex -120 -30 0
      vertex -115.868 -34.924 0
      vertex -116.294 -34.8296 0
    endloop
  endfacet
  facet normal 0 0 -1
    outer loop
      vertex -115 35 0
      vertex -120 30 0
      vertex -115.436 34.981 0
    endloop
  endfacet
  facet normal 0 0 -1
    outer loop
      vertex -120 -30 0
      vertex -116.294 -34.8296 0
      vertex -116.71 -34.6985 0
    endloop
  endfacet
  facet normal 0 0 -1
    outer loop
      vertex -115.436 34.981 0
      vertex -120 30 0
      vertex -115.868 34.924 0
    endloop
  endfacet
  facet normal 0 0 -1
    outer loop
      vertex -120 -30 0
      vertex -116.71 -34.6985 0
      vertex -117.113 -34.5315 0
    endloop
  endfacet
  facet normal 0 0 -1
    outer loop
      vertex -115.868 34.924 0
      vertex -120 30 0
      vertex -116.294 34.8296 0
    endloop
  endfacet
  facet normal 0 0 -1
    outer loop
      vertex -120 -30 0
      vertex -117.113 -34.5315 0
      vertex -117.5 -34.3301 0
    endloop
  endfacet
  facet normal 0 0 -1
    outer loop
      vertex -116.294 34.8296 0
      vertex -120 30 0
      vertex -116.71 34.6985 0
    endloop
  endfacet
  facet normal 0 0 -1
    outer loop
      vertex -120 -30 0
      vertex -117.5 -34.3301 0
      vertex -117.868 -34.0957 0
    endloop
  endfacet
  facet normal 0 0 -1
    outer loop
      vertex -116.71 34.6985 0
      vertex -120 30 0
      vertex -117.113 34.5315 0
    endloop
  endfacet
  facet normal 0 0 -1
    outer loop
      vertex -120 -30 0
      vertex -117.868 -34.0957 0
      vertex -118.214 -33.8302 0
    endloop
  endfacet
  facet normal 0 0 -1
    outer loop
      vertex -117.113 34.5315 0
      vertex -120 30 0
      vertex -117.5 34.3301 0
    endloop
  endfacet
  facet normal 0 0 -1
    outer loop
      vertex -120 -30 0
      vertex -118.214 -33.8302 0
      vertex -118.536 -33.5355 0
    endloop
  endfacet
  facet normal 0 0 -1
    outer loop
      vertex -117.5 34.3301 0
      vertex -120 30 0
      vertex -117.868 34.0957 0
    endloop
  endfacet
  facet normal 0 0 -1
    outer loop
      vertex -120 -30 0
      vertex -118.536 -33.5355 0
      vertex -118.83 -33.2139 0
    endloop
  endfacet
  facet normal 0 0 -1
    outer loop
      vertex -117.868 34.0957 0
      vertex -120 30 0
      vertex -118.214 33.8302 0
    endloop
  endfacet
  facet normal 0 0 -1
    outer loop
      vertex -120 -30 0
      vertex -118.83 -33.2139 0
      vertex -119.096 -32.8679 0
    endloop
  endfacet
  facet normal 0 0 -1
    outer loop
      vertex -118.214 33.8302 0
      vertex -120 30 0
      vertex -118.536 33.5355 0
    endloop
  endfacet
  facet normal 0 0 -1
    outer loop
      vertex -120 -30 0
      vertex -119.096 -32.8679 0
      vertex -119.33 -32.5 0
    endloop
  endfacet
  facet normal 0 0 -1
    outer loop
      vertex -118.536 33.5355 0
      vertex -120 30 0
      vertex -118.83 33.2139 0
    endloop
  endfacet
  facet normal 0 0 -1
    outer loop
      vertex -120 -30 0
      vertex -119.33 -32.5 0
      vertex -119.532 -32.1131 0
    endloop
  endfacet
  facet normal 0 0 -1
    outer loop
      vertex -118.83 33.2139 0
      vertex -120 30 0
      vertex -119.096 32.8679 0
    endloop
  endfacet
  facet normal 0 0 -1
    outer loop
      vertex -120 -30 0
      vertex -119.532 -32.1131 0
      vertex -119.698 -31.7101 0
    endloop
  endfacet
  facet normal 0 0 -1
    outer loop
      vertex -119.096 32.8679 0
      vertex -120 30 0
      vertex -119.33 32.5 0
    endloop
  endfacet
  facet normal 0 0 -1
    outer loop
      vertex -120 -30 0
      vertex -119.698 -31.7101 0
      vertex -119.83 -31.2941 0
    endloop
  endfacet
  facet normal 0 0 -1
    outer loop
      vertex -119.33 32.5 0
      vertex -120 30 0
      vertex -119.532 32.1131 0
    endloop
  endfacet
  facet normal 0 0 -1
    outer loop
      vertex -120 -30 0
      vertex -119.83 -31.2941 0
      vertex -119.924 -30.8682 0
    endloop
  endfacet
  facet normal 0 0 -1
    outer loop
      vertex -119.532 32.1131 0
      vertex -120 30 0
      vertex -119.698 31.7101 0
    endloop
  endfacet
  facet normal 0 0 -1
    outer loop
      vertex -120 -30 0
      vertex -119.924 -30.8682 0
      vertex -119.981 -30.4358 0
    endloop
  endfacet
  facet normal 0 0 -1
    outer loop
      vertex -119.698 31.7101 0
      vertex -120 30 0
      vertex -119.83 31.2941 0
    endloop
  endfacet
  facet normal 0 0 -1
    outer loop
      vertex -119.83 31.2941 0
      vertex -120 30 0
      vertex -119.924 30.8682 0
    endloop
  endfacet
  facet normal 0 0 -1
    outer loop
      vertex -119.924 30.8682 0
      vertex -120 30 0
      vertex -119.981 30.4358 0
    endloop
  endfacet
  facet normal -0.976499 -0.215522 0
    outer loop
      vertex -119.83 -31.2941 0
      vertex -119.924 -30.8682 10
      vertex -119.924 -30.8682 0
    endloop
  endfacet
  facet normal -0.976499 -0.215522 0
    outer loop
      vertex -119.924 -30.8682 10
      vertex -119.83 -31.2941 0
      vertex -119.83 -31.2941 10
    endloop
  endfacet
  facet normal -0.924631 -0.380865 0
    outer loop
      vertex -119.532 -32.1131 0
      vertex -119.698 -31.7101 10
      vertex -119.698 -31.7101 0
    endloop
  endfacet
  facet normal -0.924631 -0.380865 0
    outer loop
      vertex -119.698 -31.7101 10
      vertex -119.532 -32.1131 0
      vertex -119.532 -32.1131 10
    endloop
  endfacet
  facet normal -0.675143 0.737686 0
    outer loop
      vertex -118.214 33.8302 0
      vertex -118.536 33.5355 10
      vertex -118.214 33.8302 10
    endloop
  endfacet
  facet normal -0.675143 0.737686 0
    outer loop
      vertex -118.536 33.5355 10
      vertex -118.214 33.8302 0
      vertex -118.536 33.5355 0
    endloop
  endfacet
  facet normal 0.537231 0.843435 -0
    outer loop
      vertex 117.868 34.0957 0
      vertex 117.5 34.3301 10
      vertex 117.868 34.0957 10
    endloop
  endfacet
  facet normal 0.537231 0.843435 0
    outer loop
      vertex 117.5 34.3301 10
      vertex 117.868 34.0957 0
      vertex 117.5 34.3301 0
    endloop
  endfacet
  facet normal 0.738068 -0.674726 0
    outer loop
      vertex 118.536 -33.5355 10
      vertex 118.83 -33.2139 0
      vertex 118.83 -33.2139 10
    endloop
  endfacet
  facet normal 0.738068 -0.674726 0
    outer loop
      vertex 118.83 -33.2139 0
      vertex 118.536 -33.5355 10
      vertex 118.536 -33.5355 0
    endloop
  endfacet
  facet normal 0.886454 -0.462817 0
    outer loop
      vertex 119.33 -32.5 10
      vertex 119.532 -32.1131 0
      vertex 119.532 -32.1131 10
    endloop
  endfacet
  facet normal 0.886454 -0.462817 0
    outer loop
      vertex 119.532 -32.1131 0
      vertex 119.33 -32.5 10
      vertex 119.33 -32.5 0
    endloop
  endfacet
  facet normal -0.738068 0.674726 0
    outer loop
      vertex -118.83 33.2139 0
      vertex -118.536 33.5355 10
      vertex -118.536 33.5355 0
    endloop
  endfacet
  facet normal -0.738068 0.674726 0
    outer loop
      vertex -118.536 33.5355 10
      vertex -118.83 33.2139 0
      vertex -118.83 33.2139 10
    endloop
  endfacet
  facet normal 0.738068 0.674726 0
    outer loop
      vertex 118.83 33.2139 10
      vertex 118.536 33.5355 0
      vertex 118.536 33.5355 10
    endloop
  endfacet
  facet normal 0.738068 0.674726 0
    outer loop
      vertex 118.536 33.5355 0
      vertex 118.83 33.2139 10
      vertex 118.83 33.2139 0
    endloop
  endfacet
  facet normal 0.675143 0.737686 -0
    outer loop
      vertex 118.536 33.5355 0
      vertex 118.214 33.8302 10
      vertex 118.536 33.5355 10
    endloop
  endfacet
  facet normal 0.675143 0.737686 0
    outer loop
      vertex 118.214 33.8302 10
      vertex 118.536 33.5355 0
      vertex 118.214 33.8302 0
    endloop
  endfacet
  facet normal 0.537231 -0.843435 0
    outer loop
      vertex 117.5 -34.3301 0
      vertex 117.868 -34.0957 10
      vertex 117.5 -34.3301 10
    endloop
  endfacet
  facet normal 0.537231 -0.843435 0
    outer loop
      vertex 117.868 -34.0957 10
      vertex 117.5 -34.3301 0
      vertex 117.868 -34.0957 0
    endloop
  endfacet
  facet normal 0.991423 -0.130692 0
    outer loop
      vertex 119.924 -30.8682 10
      vertex 119.981 -30.4358 0
      vertex 119.981 -30.4358 10
    endloop
  endfacet
  facet normal 0.991423 -0.130692 0
    outer loop
      vertex 119.981 -30.4358 0
      vertex 119.924 -30.8682 10
      vertex 119.924 -30.8682 0
    endloop
  endfacet
  facet normal -0.608768 -0.793348 0
    outer loop
      vertex -118.214 -33.8302 0
      vertex -117.868 -34.0957 10
      vertex -118.214 -33.8302 10
    endloop
  endfacet
  facet normal -0.608768 -0.793348 -0
    outer loop
      vertex -117.868 -34.0957 10
      vertex -118.214 -33.8302 0
      vertex -117.868 -34.0957 0
    endloop
  endfacet
  facet normal -0.0435367 -0.999052 0
    outer loop
      vertex -115.436 -34.981 0
      vertex -115 -35 10
      vertex -115.436 -34.981 10
    endloop
  endfacet
  facet normal -0.0435367 -0.999052 -0
    outer loop
      vertex -115 -35 10
      vertex -115.436 -34.981 0
      vertex -115 -35 0
    endloop
  endfacet
  facet normal -0.953166 -0.302447 0
    outer loop
      vertex -119.698 -31.7101 0
      vertex -119.83 -31.2941 10
      vertex -119.83 -31.2941 0
    endloop
  endfacet
  facet normal -0.953166 -0.302447 0
    outer loop
      vertex -119.83 -31.2941 10
      vertex -119.698 -31.7101 0
      vertex -119.698 -31.7101 10
    endloop
  endfacet
  facet normal 0 0 1
    outer loop
      vertex 115 35 10
      vertex 120 30 10
      vertex 119.981 30.4358 10
    endloop
  endfacet
  facet normal 0 0 1
    outer loop
      vertex 120 30 10
      vertex 115.456 0 10
      vertex 120 -30 10
    endloop
  endfacet
  facet normal 0 0 1
    outer loop
      vertex 115 35 10
      vertex 119.981 30.4358 10
      vertex 119.924 30.8682 10
    endloop
  endfacet
  facet normal -0 0 1
    outer loop
      vertex 90 -25.4558 10
      vertex 120 -30 10
      vertex 115.456 0 10
    endloop
  endfacet
  facet normal 0 0 1
    outer loop
      vertex 115 35 10
      vertex 119.924 30.8682 10
      vertex 119.83 31.2941 10
    endloop
  endfacet
  facet normal 0 -0 1
    outer loop
      vertex 115 -35 10
      vertex 120 -30 10
      vertex 90 -25.4558 10
    endloop
  endfacet
  facet normal 0 0 1
    outer loop
      vertex 115 35 10
      vertex 119.83 31.2941 10
      vertex 119.698 31.7101 10
    endloop
  endfacet
  facet normal 0 0 1
    outer loop
      vertex 120 -30 10
      vertex 115 -35 10
      vertex 119.981 -30.4358 10
    endloop
  endfacet
  facet normal 0 0 1
    outer loop
      vertex 115 35 10
      vertex 119.698 31.7101 10
      vertex 119.532 32.1131 10
    endloop
  endfacet
  facet normal 0 0 1
    outer loop
      vertex 119.981 -30.4358 10
      vertex 115 -35 10
      vertex 119.924 -30.8682 10
    endloop
  endfacet
  facet normal 0 0 1
    outer loop
      vertex 115 35 10
      vertex 119.532 32.1131 10
      vertex 119.33 32.5 10
    endloop
  endfacet
  facet normal 0 0 1
    outer loop
      vertex 119.924 -30.8682 10
      vertex 115 -35 10
      vertex 119.83 -31.2941 10
    endloop
  endfacet
  facet normal 0 0 1
    outer loop
      vertex 115 35 10
      vertex 119.33 32.5 10
      vertex 119.096 32.8679 10
    endloop
  endfacet
  facet normal 0 0 1
    outer loop
      vertex 119.83 -31.2941 10
      vertex 115 -35 10
      vertex 119.698 -31.7101 10
    endloop
  endfacet
  facet normal 0 0 1
    outer loop
      vertex 115 35 10
      vertex 119.096 32.8679 10
      vertex 118.83 33.2139 10
    endloop
  endfacet
  facet normal 0 0 1
    outer loop
      vertex 119.532 -32.1131 10
      vertex 115 -35 10
      vertex 119.33 -32.5 10
    endloop
  endfacet
  facet normal 0 0 1
    outer loop
      vertex 115 35 10
      vertex 118.83 33.2139 10
      vertex 118.536 33.5355 10
    endloop
  endfacet
  facet normal 0 0 1
    outer loop
      vertex 119.33 -32.5 10
      vertex 115 -35 10
      vertex 119.096 -32.8679 10
    endloop
  endfacet
  facet normal 0 0 1
    outer loop
      vertex 115 35 10
      vertex 118.536 33.5355 10
      vertex 118.214 33.8302 10
    endloop
  endfacet
  facet normal 0 0 1
    outer loop
      vertex 119.096 -32.8679 10
      vertex 115 -35 10
      vertex 118.83 -33.2139 10
    endloop
  endfacet
  facet normal 0 0 1
    outer loop
      vertex 115 35 10
      vertex 118.214 33.8302 10
      vertex 117.868 34.0957 10
    endloop
  endfacet
  facet normal 0 0 1
    outer loop
      vertex 118.83 -33.2139 10
      vertex 115 -35 10
      vertex 118.536 -33.5355 10
    endloop
  endfacet
  facet normal 0 0 1
    outer loop
      vertex 115 35 10
      vertex 117.868 34.0957 10
      vertex 117.5 34.3301 10
    endloop
  endfacet
  facet normal 0 0 1
    outer loop
      vertex 118.536 -33.5355 10
      vertex 115 -35 10
      vertex 118.214 -33.8302 10
    endloop
  endfacet
  facet normal 0 0 1
    outer loop
      vertex 115 35 10
      vertex 117.5 34.3301 10
      vertex 117.113 34.5315 10
    endloop
  endfacet
  facet normal 0 0 1
    outer loop
      vertex 118.214 -33.8302 10
      vertex 115 -35 10
      vertex 117.868 -34.0957 10
    endloop
  endfacet
  facet normal 0 0 1
    outer loop
      vertex 115 35 10
      vertex 117.113 34.5315 10
      vertex 116.71 34.6985 10
    endloop
  endfacet
  facet normal 0 0 1
    outer loop
      vertex 117.868 -34.0957 10
      vertex 115 -35 10
      vertex 117.5 -34.3301 10
    endloop
  endfacet
  facet normal 0 0 1
    outer loop
      vertex 115 35 10
      vertex 116.71 34.6985 10
      vertex 116.294 34.8296 10
    endloop
  endfacet
  facet normal 0 0 1
    outer loop
      vertex 117.5 -34.3301 10
      vertex 115 -35 10
      vertex 117.113 -34.5315 10
    endloop
  endfacet
  facet normal 0 0 1
    outer loop
      vertex 115 35 10
      vertex 116.294 34.8296 10
      vertex 115.868 34.924 10
    endloop
  endfacet
  facet normal 0 0 1
    outer loop
      vertex 117.113 -34.5315 10
      vertex 115 -35 10
      vertex 116.71 -34.6985 10
    endloop
  endfacet
  facet normal 0 0 1
    outer loop
      vertex 116.71 -34.6985 10
      vertex 115 -35 10
      vertex 116.294 -34.8296 10
    endloop
  endfacet
  facet normal 0 0 1
    outer loop
      vertex 115 35 10
      vertex 115.868 34.924 10
      vertex 115.436 34.981 10
    endloop
  endfacet
  facet normal 0 0 1
    outer loop
      vertex 120 30 10
      vertex 115 35 10
      vertex 90 25.4558 10
    endloop
  endfacet
  facet normal 0 0 1
    outer loop
      vertex 120 30 10
      vertex 90 25.4558 10
      vertex 115.456 0 10
    endloop
  endfacet
  facet normal -0 0 1
    outer loop
      vertex 47.3205 10 10
      vertex 64.5442 0 10
      vertex 90 25.4558 10
    endloop
  endfacet
  facet normal 0 0 1
    outer loop
      vertex 64.5442 0 10
      vertex 49.9239 1.74311 10
      vertex 50 0 10
    endloop
  endfacet
  facet normal 0 0 1
    outer loop
      vertex 64.5442 0 10
      vertex 49.6962 3.47296 10
      vertex 49.9239 1.74311 10
    endloop
  endfacet
  facet normal 0 0 1
    outer loop
      vertex 64.5442 0 10
      vertex 49.3185 5.17638 10
      vertex 49.6962 3.47296 10
    endloop
  endfacet
  facet normal 0 0 1
    outer loop
      vertex 64.5442 0 10
      vertex 48.7939 6.8404 10
      vertex 49.3185 5.17638 10
    endloop
  endfacet
  facet normal 0 0 1
    outer loop
      vertex 64.5442 0 10
      vertex 48.1262 8.45236 10
      vertex 48.7939 6.8404 10
    endloop
  endfacet
  facet normal 0 0 1
    outer loop
      vertex 64.5442 0 10
      vertex 47.3205 10 10
      vertex 48.1262 8.45236 10
    endloop
  endfacet
  facet normal 0 0 1
    outer loop
      vertex 31.7431 19.9239 10
      vertex 90 25.4558 10
      vertex 115 35 10
    endloop
  endfacet
  facet normal 0 0 1
    outer loop
      vertex 90 25.4558 10
      vertex 46.383 11.4715 10
      vertex 47.3205 10 10
    endloop
  endfacet
  facet normal 0 0 1
    outer loop
      vertex 90 25.4558 10
      vertex 45.3209 12.8558 10
      vertex 46.383 11.4715 10
    endloop
  endfacet
  facet normal 0 0 1
    outer loop
      vertex 90 25.4558 10
      vertex 44.1421 14.1421 10
      vertex 45.3209 12.8558 10
    endloop
  endfacet
  facet normal 0 0 1
    outer loop
      vertex 90 25.4558 10
      vertex 42.8558 15.3209 10
      vertex 44.1421 14.1421 10
    endloop
  endfacet
  facet normal 0 0 1
    outer loop
      vertex 90 25.4558 10
      vertex 41.4715 16.383 10
      vertex 42.8558 15.3209 10
    endloop
  endfacet
  facet normal 0 0 1
    outer loop
      vertex 90 25.4558 10
      vertex 40 17.3205 10
      vertex 41.4715 16.383 10
    endloop
  endfacet
  facet normal 0 0 1
    outer loop
      vertex 90 25.4558 10
      vertex 38.4524 18.1262 10
      vertex 40 17.3205 10
    endloop
  endfacet
  facet normal 0 0 1
    outer loop
      vertex 90 25.4558 10
      vertex 36.8404 18.7939 10
      vertex 38.4524 18.1262 10
    endloop
  endfacet
  facet normal 0 0 1
    outer loop
      vertex 90 25.4558 10
      vertex 35.1764 19.3185 10
      vertex 36.8404 18.7939 10
    endloop
  endfacet
  facet normal 0 0 1
    outer loop
      vertex 90 25.4558 10
      vertex 33.473 19.6962 10
      vertex 35.1764 19.3185 10
    endloop
  endfacet
  facet normal 0 0 1
    outer loop
      vertex 90 25.4558 10
      vertex 31.7431 19.9239 10
      vertex 33.473 19.6962 10
    endloop
  endfacet
  facet normal 0 0 1
    outer loop
      vertex 115 35 10
      vertex 30 20 10
      vertex 31.7431 19.9239 10
    endloop
  endfacet
  facet normal 0 0 1
    outer loop
      vertex 115 35 10
      vertex 28.2569 19.9239 10
      vertex 30 20 10
    endloop
  endfacet
  facet normal 0 0 1
    outer loop
      vertex -28.2569 19.9239 10
      vertex 28.2569 19.9239 10
      vertex 115 35 10
    endloop
  endfacet
  facet normal 0 0 1
    outer loop
      vertex 10.0761 1.74311 10
      vertex -10 0 10
      vertex 10 0 10
    endloop
  endfacet
  facet normal 0 0 1
    outer loop
      vertex -10.0761 1.74311 10
      vertex 10.0761 1.74311 10
      vertex 10.3038 3.47296 10
    endloop
  endfacet
  facet normal 0 0 1
    outer loop
      vertex -10.3038 3.47296 10
      vertex 10.3038 3.47296 10
      vertex 10.6815 5.17638 10
    endloop
  endfacet
  facet normal 0 0 1
    outer loop
      vertex -10.6815 5.17638 10
      vertex 10.6815 5.17638 10
      vertex 11.2061 6.8404 10
    endloop
  endfacet
  facet normal 0 0 1
    outer loop
      vertex -11.2061 6.8404 10
      vertex 11.2061 6.8404 10
      vertex 11.8738 8.45236 10
    endloop
  endfacet
  facet normal 0 0 1
    outer loop
      vertex -11.8738 8.45236 10
      vertex 11.8738 8.45236 10
      vertex 12.6795 10 10
    endloop
  endfacet
  facet normal 0 0 1
    outer loop
      vertex -12.6795 10 10
      vertex 12.6795 10 10
      vertex 13.617 11.4715 10
    endloop
  endfacet
  facet normal 0 0 1
    outer loop
      vertex -13.617 11.4715 10
      vertex 13.617 11.4715 10
      vertex 14.6791 12.8558 10
    endloop
  endfacet
  facet normal 0 0 1
    outer loop
      vertex -14.6791 12.8558 10
      vertex 14.6791 12.8558 10
      vertex 15.8579 14.1421 10
    endloop
  endfacet
  facet normal 0 0 1
    outer loop
      vertex -15.8579 14.1421 10
      vertex 15.8579 14.1421 10
      vertex 17.1442 15.3209 10
    endloop
  endfacet
  facet normal 0 0 1
    outer loop
      vertex -17.1442 15.3209 10
      vertex 17.1442 15.3209 10
      vertex 18.5285 16.383 10
    endloop
  endfacet
  facet normal 0 0 1
    outer loop
      vertex -18.5285 16.383 10
      vertex 18.5285 16.383 10
      vertex 20 17.3205 10
    endloop
  endfacet
  facet normal 0 0 1
    outer loop
      vertex 10.0761 1.74311 10
      vertex -10.0761 1.74311 10
      vertex -10 0 10
    endloop
  endfacet
  facet normal 0 0 1
    outer loop
      vertex -20 17.3205 10
      vertex 20 17.3205 10
      vertex 21.5476 18.1262 10
    endloop
  endfacet
  facet normal 0 0 1
    outer loop
      vertex 10.3038 3.47296 10
      vertex -10.3038 3.47296 10
      vertex -10.0761 1.74311 10
    endloop
  endfacet
  facet normal 0 0 1
    outer loop
      vertex 10.6815 5.17638 10
      vertex -10.6815 5.17638 10
      vertex -10.3038 3.47296 10
    endloop
  endfacet
  facet normal 0 0 1
    outer loop
      vertex -21.5476 18.1262 10
      vertex 21.5476 18.1262 10
      vertex 23.1596 18.7939 10
    endloop
  endfacet
  facet normal 0 0 1
    outer loop
      vertex 11.2061 6.8404 10
      vertex -11.2061 6.8404 10
      vertex -10.6815 5.17638 10
    endloop
  endfacet
  facet normal 0 0 1
    outer loop
      vertex 11.8738 8.45236 10
      vertex -11.8738 8.45236 10
      vertex -11.2061 6.8404 10
    endloop
  endfacet
  facet normal 0 0 1
    outer loop
      vertex -23.1596 18.7939 10
      vertex 23.1596 18.7939 10
      vertex 24.8236 19.3185 10
    endloop
  endfacet
  facet normal 0 0 1
    outer loop
      vertex 12.6795 10 10
      vertex -12.6795 10 10
      vertex -11.8738 8.45236 10
    endloop
  endfacet
  facet normal 0 0 1
    outer loop
      vertex 13.617 11.4715 10
      vertex -13.617 11.4715 10
      vertex -12.6795 10 10
    endloop
  endfacet
  facet normal 0 0 1
    outer loop
      vertex -24.8236 19.3185 10
      vertex 24.8236 19.3185 10
      vertex 26.527 19.6962 10
    endloop
  endfacet
  facet normal 0 0 1
    outer loop
      vertex 14.6791 12.8558 10
      vertex -14.6791 12.8558 10
      vertex -13.617 11.4715 10
    endloop
  endfacet
  facet normal 0 0 1
    outer loop
      vertex 28.2569 19.9239 10
      vertex -28.2569 19.9239 10
      vertex 26.527 19.6962 10
    endloop
  endfacet
  facet normal 0 0 1
    outer loop
      vertex 15.8579 14.1421 10
      vertex -15.8579 14.1421 10
      vertex -14.6791 12.8558 10
    endloop
  endfacet
  facet normal 0 0 1
    outer loop
      vertex 17.1442 15.3209 10
      vertex -17.1442 15.3209 10
      vertex -15.8579 14.1421 10
    endloop
  endfacet
  facet normal 0 0 1
    outer loop
      vertex 18.5285 16.383 10
      vertex -18.5285 16.383 10
      vertex -17.1442 15.3209 10
    endloop
  endfacet
  facet normal 0 0 1
    outer loop
      vertex 20 17.3205 10
      vertex -20 17.3205 10
      vertex -18.5285 16.383 10
    endloop
  endfacet
  facet normal 0 0 1
    outer loop
      vertex 21.5476 18.1262 10
      vertex -21.5476 18.1262 10
      vertex -20 17.3205 10
    endloop
  endfacet
  facet normal 0 0 1
    outer loop
      vertex 23.1596 18.7939 10
      vertex -23.1596 18.7939 10
      vertex -21.5476 18.1262 10
    endloop
  endfacet
  facet normal 0 0 1
    outer loop
      vertex 24.8236 19.3185 10
      vertex -24.8236 19.3185 10
      vertex -23.1596 18.7939 10
    endloop
  endfacet
  facet normal 0 0 1
    outer loop
      vertex 26.527 19.6962 10
      vertex -26.527 19.6962 10
      vertex -24.8236 19.3185 10
    endloop
  endfacet
  facet normal 0 0 1
    outer loop
      vertex 26.527 19.6962 10
      vertex -28.2569 19.9239 10
      vertex -26.527 19.6962 10
    endloop
  endfacet
  facet normal -0 0 1
    outer loop
      vertex -115 35 10
      vertex -28.2569 19.9239 10
      vertex 115 35 10
    endloop
  endfacet
  facet normal 0 0 1
    outer loop
      vertex -28.2569 19.9239 10
      vertex -115 35 10
      vertex -30 20 10
    endloop
  endfacet
  facet normal 0 0 1
    outer loop
      vertex -49.9239 1.74311 10
      vertex -71 19 10
      vertex -50 0 10
    endloop
  endfacet
  facet normal 0 0 1
    outer loop
      vertex -49.6962 3.47296 10
      vertex -71 19 10
      vertex -49.9239 1.74311 10
    endloop
  endfacet
  facet normal 0 0 1
    outer loop
      vertex -49.3185 5.17638 10
      vertex -71 19 10
      vertex -49.6962 3.47296 10
    endloop
  endfacet
  facet normal 0 0 1
    outer loop
      vertex -48.7939 6.8404 10
      vertex -71 19 10
      vertex -49.3185 5.17638 10
    endloop
  endfacet
  facet normal 0 0 1
    outer loop
      vertex -48.1262 8.45236 10
      vertex -71 19 10
      vertex -48.7939 6.8404 10
    endloop
  endfacet
  facet normal 0 0 1
    outer loop
      vertex -47.3205 10 10
      vertex -71 19 10
      vertex -48.1262 8.45236 10
    endloop
  endfacet
  facet normal 0 0 1
    outer loop
      vertex -46.383 11.4715 10
      vertex -71 19 10
      vertex -47.3205 10 10
    endloop
  endfacet
  facet normal 0 0 1
    outer loop
      vertex -45.3209 12.8558 10
      vertex -71 19 10
      vertex -46.383 11.4715 10
    endloop
  endfacet
  facet normal 0 0 1
    outer loop
      vertex -44.1421 14.1421 10
      vertex -71 19 10
      vertex -45.3209 12.8558 10
    endloop
  endfacet
  facet normal 0 0 1
    outer loop
      vertex -42.8558 15.3209 10
      vertex -71 19 10
      vertex -44.1421 14.1421 10
    endloop
  endfacet
  facet normal 0 0 1
    outer loop
      vertex -41.4715 16.383 10
      vertex -71 19 10
      vertex -42.8558 15.3209 10
    endloop
  endfacet
  facet normal 0 0 1
    outer loop
      vertex -40 17.3205 10
      vertex -71 19 10
      vertex -41.4715 16.383 10
    endloop
  endfacet
  facet normal 0 0 1
    outer loop
      vertex -38.4524 18.1262 10
      vertex -71 19 10
      vertex -40 17.3205 10
    endloop
  endfacet
  facet normal 0 0 1
    outer loop
      vertex -36.8404 18.7939 10
      vertex -71 19 10
      vertex -38.4524 18.1262 10
    endloop
  endfacet
  facet normal 0 0 1
    outer loop
      vertex -35.1764 19.3185 10
      vertex -71 19 10
      vertex -36.8404 18.7939 10
    endloop
  endfacet
  facet normal 0 0 1
    outer loop
      vertex -33.473 19.6962 10
      vertex -71 19 10
      vertex -35.1764 19.3185 10
    endloop
  endfacet
  facet normal 0 0 1
    outer loop
      vertex -115 35 10
      vertex -33.473 19.6962 10
      vertex -31.7431 19.9239 10
    endloop
  endfacet
  facet normal 0 0 1
    outer loop
      vertex -30 20 10
      vertex -115 35 10
      vertex -31.7431 19.9239 10
    endloop
  endfacet
  facet normal 0 0 1
    outer loop
      vertex -33.473 19.6962 10
      vertex -115 35 10
      vertex -71 19 10
    endloop
  endfacet
  facet normal -0 0 1
    outer loop
      vertex -120 30 10
      vertex -109 19 10
      vertex -115 35 10
    endloop
  endfacet
  facet normal 0 0 1
    outer loop
      vertex -71 19 10
      vertex -115 35 10
      vertex -109 19 10
    endloop
  endfacet
  facet normal 0 0 1
    outer loop
      vertex 116.294 -34.8296 10
      vertex 115 -35 10
      vertex 115.868 -34.924 10
    endloop
  endfacet
  facet normal 0 0 1
    outer loop
      vertex 115.868 -34.924 10
      vertex 115 -35 10
      vertex 115.436 -34.981 10
    endloop
  endfacet
  facet normal 0 0 1
    outer loop
      vertex 119.698 -31.7101 10
      vertex 115 -35 10
      vertex 119.532 -32.1131 10
    endloop
  endfacet
  facet normal 0 0 1
    outer loop
      vertex 49.9239 -1.74311 10
      vertex 64.5442 0 10
      vertex 50 0 10
    endloop
  endfacet
  facet normal 0 0 1
    outer loop
      vertex 49.6962 -3.47296 10
      vertex 64.5442 0 10
      vertex 49.9239 -1.74311 10
    endloop
  endfacet
  facet normal 0 0 1
    outer loop
      vertex 49.3185 -5.17638 10
      vertex 64.5442 0 10
      vertex 49.6962 -3.47296 10
    endloop
  endfacet
  facet normal 0 0 1
    outer loop
      vertex 48.7939 -6.8404 10
      vertex 64.5442 0 10
      vertex 49.3185 -5.17638 10
    endloop
  endfacet
  facet normal 0 0 1
    outer loop
      vertex 48.1262 -8.45236 10
      vertex 64.5442 0 10
      vertex 48.7939 -6.8404 10
    endloop
  endfacet
  facet normal 0 0 1
    outer loop
      vertex 47.3205 -10 10
      vertex 64.5442 0 10
      vertex 48.1262 -8.45236 10
    endloop
  endfacet
  facet normal 0 0 1
    outer loop
      vertex 64.5442 0 10
      vertex 47.3205 -10 10
      vertex 90 -25.4558 10
    endloop
  endfacet
  facet normal -0 0 1
    outer loop
      vertex 46.383 -11.4715 10
      vertex 90 -25.4558 10
      vertex 47.3205 -10 10
    endloop
  endfacet
  facet normal -0 0 1
    outer loop
      vertex 45.3209 -12.8558 10
      vertex 90 -25.4558 10
      vertex 46.383 -11.4715 10
    endloop
  endfacet
  facet normal -0 0 1
    outer loop
      vertex 44.1421 -14.1421 10
      vertex 90 -25.4558 10
      vertex 45.3209 -12.8558 10
    endloop
  endfacet
  facet normal -0 0 1
    outer loop
      vertex 42.8558 -15.3209 10
      vertex 90 -25.4558 10
      vertex 44.1421 -14.1421 10
    endloop
  endfacet
  facet normal -0 0 1
    outer loop
      vertex 41.4715 -16.383 10
      vertex 90 -25.4558 10
      vertex 42.8558 -15.3209 10
    endloop
  endfacet
  facet normal -0 0 1
    outer loop
      vertex 40 -17.3205 10
      vertex 90 -25.4558 10
      vertex 41.4715 -16.383 10
    endloop
  endfacet
  facet normal -0 0 1
    outer loop
      vertex 38.4524 -18.1262 10
      vertex 90 -25.4558 10
      vertex 40 -17.3205 10
    endloop
  endfacet
  facet normal -0 0 1
    outer loop
      vertex 36.8404 -18.7939 10
      vertex 90 -25.4558 10
      vertex 38.4524 -18.1262 10
    endloop
  endfacet
  facet normal -0 0 1
    outer loop
      vertex 35.1764 -19.3185 10
      vertex 90 -25.4558 10
      vertex 36.8404 -18.7939 10
    endloop
  endfacet
  facet normal -0 0 1
    outer loop
      vertex 33.473 -19.6962 10
      vertex 90 -25.4558 10
      vertex 35.1764 -19.3185 10
    endloop
  endfacet
  facet normal -0 0 1
    outer loop
      vertex 31.7431 -19.9239 10
      vertex 90 -25.4558 10
      vertex 33.473 -19.6962 10
    endloop
  endfacet
  facet normal 0 0 1
    outer loop
      vertex 90 -25.4558 10
      vertex 31.7431 -19.9239 10
      vertex 115 -35 10
    endloop
  endfacet
  facet normal -0 0 1
    outer loop
      vertex 30 -20 10
      vertex 115 -35 10
      vertex 31.7431 -19.9239 10
    endloop
  endfacet
  facet normal 0 0 1
    outer loop
      vertex 28.2569 -19.9239 10
      vertex 115 -35 10
      vertex 30 -20 10
    endloop
  endfacet
  facet normal 0 0 1
    outer loop
      vertex -28.2569 -19.9239 10
      vertex 28.2569 -19.9239 10
      vertex 26.527 -19.6962 10
    endloop
  endfacet
  facet normal -0 0 1
    outer loop
      vertex -10 0 10
      vertex 10.0761 -1.74311 10
      vertex 10 0 10
    endloop
  endfacet
  facet normal 0 0 1
    outer loop
      vertex -10.0761 -1.74311 10
      vertex 10.0761 -1.74311 10
      vertex -10 0 10
    endloop
  endfacet
  facet normal 0 0 1
    outer loop
      vertex 10.0761 -1.74311 10
      vertex -10.0761 -1.74311 10
      vertex 10.3038 -3.47296 10
    endloop
  endfacet
  facet normal 0 0 1
    outer loop
      vertex -10.3038 -3.47296 10
      vertex 10.3038 -3.47296 10
      vertex -10.0761 -1.74311 10
    endloop
  endfacet
  facet normal 0 0 1
    outer loop
      vertex 10.3038 -3.47296 10
      vertex -10.3038 -3.47296 10
      vertex 10.6815 -5.17638 10
    endloop
  endfacet
  facet normal 0 0 1
    outer loop
      vertex -10.6815 -5.17638 10
      vertex 10.6815 -5.17638 10
      vertex -10.3038 -3.47296 10
    endloop
  endfacet
  facet normal 0 0 1
    outer loop
      vertex 10.6815 -5.17638 10
      vertex -10.6815 -5.17638 10
      vertex 11.2061 -6.8404 10
    endloop
  endfacet
  facet normal 0 0 1
    outer loop
      vertex -11.2061 -6.8404 10
      vertex 11.2061 -6.8404 10
      vertex -10.6815 -5.17638 10
    endloop
  endfacet
  facet normal 0 0 1
    outer loop
      vertex 11.2061 -6.8404 10
      vertex -11.2061 -6.8404 10
      vertex 11.8738 -8.45236 10
    endloop
  endfacet
  facet normal 0 0 1
    outer loop
      vertex -11.8738 -8.45236 10
      vertex 11.8738 -8.45236 10
      vertex -11.2061 -6.8404 10
    endloop
  endfacet
  facet normal 0 0 1
    outer loop
      vertex 11.8738 -8.45236 10
      vertex -11.8738 -8.45236 10
      vertex 12.6795 -10 10
    endloop
  endfacet
  facet normal 0 0 1
    outer loop
      vertex -12.6795 -10 10
      vertex 12.6795 -10 10
      vertex -11.8738 -8.45236 10
    endloop
  endfacet
  facet normal 0 0 1
    outer loop
      vertex 12.6795 -10 10
      vertex -12.6795 -10 10
      vertex 13.617 -11.4715 10
    endloop
  endfacet
  facet normal 0 0 1
    outer loop
      vertex -13.617 -11.4715 10
      vertex 13.617 -11.4715 10
      vertex -12.6795 -10 10
    endloop
  endfacet
  facet normal 0 0 1
    outer loop
      vertex 13.617 -11.4715 10
      vertex -13.617 -11.4715 10
      vertex 14.6791 -12.8558 10
    endloop
  endfacet
  facet normal 0 0 1
    outer loop
      vertex -14.6791 -12.8558 10
      vertex 14.6791 -12.8558 10
      vertex -13.617 -11.4715 10
    endloop
  endfacet
  facet normal 0 0 1
    outer loop
      vertex 14.6791 -12.8558 10
      vertex -14.6791 -12.8558 10
      vertex 15.8579 -14.1421 10
    endloop
  endfacet
  facet normal 0 0 1
    outer loop
      vertex -15.8579 -14.1421 10
      vertex 15.8579 -14.1421 10
      vertex -14.6791 -12.8558 10
    endloop
  endfacet
  facet normal 0 0 1
    outer loop
      vertex 15.8579 -14.1421 10
      vertex -15.8579 -14.1421 10
      vertex 17.1442 -15.3209 10
    endloop
  endfacet
  facet normal 0 0 1
    outer loop
      vertex -17.1442 -15.3209 10
      vertex 17.1442 -15.3209 10
      vertex -15.8579 -14.1421 10
    endloop
  endfacet
  facet normal 0 0 1
    outer loop
      vertex 17.1442 -15.3209 10
      vertex -17.1442 -15.3209 10
      vertex 18.5285 -16.383 10
    endloop
  endfacet
  facet normal 0 0 1
    outer loop
      vertex -18.5285 -16.383 10
      vertex 18.5285 -16.383 10
      vertex -17.1442 -15.3209 10
    endloop
  endfacet
  facet normal 0 0 1
    outer loop
      vertex 18.5285 -16.383 10
      vertex -18.5285 -16.383 10
      vertex 20 -17.3205 10
    endloop
  endfacet
  facet normal 0 0 1
    outer loop
      vertex -20 -17.3205 10
      vertex 20 -17.3205 10
      vertex -18.5285 -16.383 10
    endloop
  endfacet
  facet normal 0 0 1
    outer loop
      vertex 20 -17.3205 10
      vertex -20 -17.3205 10
      vertex 21.5476 -18.1262 10
    endloop
  endfacet
  facet normal 0 0 1
    outer loop
      vertex -21.5476 -18.1262 10
      vertex 21.5476 -18.1262 10
      vertex -20 -17.3205 10
    endloop
  endfacet
  facet normal 0 0 1
    outer loop
      vertex 21.5476 -18.1262 10
      vertex -21.5476 -18.1262 10
      vertex 23.1596 -18.7939 10
    endloop
  endfacet
  facet normal 0 0 1
    outer loop
      vertex -23.1596 -18.7939 10
      vertex 23.1596 -18.7939 10
      vertex -21.5476 -18.1262 10
    endloop
  endfacet
  facet normal 0 0 1
    outer loop
      vertex 23.1596 -18.7939 10
      vertex -23.1596 -18.7939 10
      vertex 24.8236 -19.3185 10
    endloop
  endfacet
  facet normal 0 0 1
    outer loop
      vertex -24.8236 -19.3185 10
      vertex 24.8236 -19.3185 10
      vertex -23.1596 -18.7939 10
    endloop
  endfacet
  facet normal 0 0 1
    outer loop
      vertex 24.8236 -19.3185 10
      vertex -24.8236 -19.3185 10
      vertex 26.527 -19.6962 10
    endloop
  endfacet
  facet normal 0 0 1
    outer loop
      vertex -26.527 -19.6962 10
      vertex 26.527 -19.6962 10
      vertex -24.8236 -19.3185 10
    endloop
  endfacet
  facet normal 0 0 1
    outer loop
      vertex -28.2569 -19.9239 10
      vertex 26.527 -19.6962 10
      vertex -26.527 -19.6962 10
    endloop
  endfacet
  facet normal 0 0 1
    outer loop
      vertex 28.2569 -19.9239 10
      vertex -28.2569 -19.9239 10
      vertex 115 -35 10
    endloop
  endfacet
  facet normal 0 0 1
    outer loop
      vertex -115 -35 10
      vertex -28.2569 -19.9239 10
      vertex -30 -20 10
    endloop
  endfacet
  facet normal 0 0 1
    outer loop
      vertex -115 -35 10
      vertex -30 -20 10
      vertex -31.7431 -19.9239 10
    endloop
  endfacet
  facet normal 0 0 1
    outer loop
      vertex -71 -19 10
      vertex -50 0 10
      vertex -71 19 10
    endloop
  endfacet
  facet normal 0 0 1
    outer loop
      vertex -50 0 10
      vertex -71 -19 10
      vertex -49.9239 -1.74311 10
    endloop
  endfacet
  facet normal 0 0 1
    outer loop
      vertex -49.9239 -1.74311 10
      vertex -71 -19 10
      vertex -49.6962 -3.47296 10
    endloop
  endfacet
  facet normal 0 0 1
    outer loop
      vertex -49.6962 -3.47296 10
      vertex -71 -19 10
      vertex -49.3185 -5.17638 10
    endloop
  endfacet
  facet normal 0 0 1
    outer loop
      vertex -49.3185 -5.17638 10
      vertex -71 -19 10
      vertex -48.7939 -6.8404 10
    endloop
  endfacet
  facet normal 0 0 1
    outer loop
      vertex -48.7939 -6.8404 10
      vertex -71 -19 10
      vertex -48.1262 -8.45236 10
    endloop
  endfacet
  facet normal 0 0 1
    outer loop
      vertex -48.1262 -8.45236 10
      vertex -71 -19 10
      vertex -47.3205 -10 10
    endloop
  endfacet
  facet normal 0 0 1
    outer loop
      vertex -47.3205 -10 10
      vertex -71 -19 10
      vertex -46.383 -11.4715 10
    endloop
  endfacet
  facet normal 0 0 1
    outer loop
      vertex -46.383 -11.4715 10
      vertex -71 -19 10
      vertex -45.3209 -12.8558 10
    endloop
  endfacet
  facet normal 0 0 1
    outer loop
      vertex -71 -19 10
      vertex -44.1421 -14.1421 10
      vertex -45.3209 -12.8558 10
    endloop
  endfacet
  facet normal 0 0 1
    outer loop
      vertex -71 -19 10
      vertex -42.8558 -15.3209 10
      vertex -44.1421 -14.1421 10
    endloop
  endfacet
  facet normal 0 0 1
    outer loop
      vertex -71 -19 10
      vertex -41.4715 -16.383 10
      vertex -42.8558 -15.3209 10
    endloop
  endfacet
  facet normal 0 0 1
    outer loop
      vertex -71 -19 10
      vertex -40 -17.3205 10
      vertex -41.4715 -16.383 10
    endloop
  endfacet
  facet normal 0 0 1
    outer loop
      vertex -71 -19 10
      vertex -38.4524 -18.1262 10
      vertex -40 -17.3205 10
    endloop
  endfacet
  facet normal 0 0 1
    outer loop
      vertex -71 -19 10
      vertex -36.8404 -18.7939 10
      vertex -38.4524 -18.1262 10
    endloop
  endfacet
  facet normal -0 0 1
    outer loop
      vertex -71 -19 10
      vertex -35.1764 -19.3185 10
      vertex -36.8404 -18.7939 10
    endloop
  endfacet
  facet normal 0 0 1
    outer loop
      vertex -71 -19 10
      vertex -33.473 -19.6962 10
      vertex -35.1764 -19.3185 10
    endloop
  endfacet
  facet normal 0 0 1
    outer loop
      vertex -115 -35 10
      vertex -33.473 -19.6962 10
      vertex -71 -19 10
    endloop
  endfacet
  facet normal 0 0 1
    outer loop
      vertex -33.473 -19.6962 10
      vertex -115 -35 10
      vertex -31.7431 -19.9239 10
    endloop
  endfacet
  facet normal 0 0 1
    outer loop
      vertex -115 -35 10
      vertex -71 -19 10
      vertex -109 -19 10
    endloop
  endfacet
  facet normal 0 0 1
    outer loop
      vertex -28.2569 -19.9239 10
      vertex -115 -35 10
      vertex 115 -35 10
    endloop
  endfacet
  facet normal 0 0 1
    outer loop
      vertex -109 19 10
      vertex -120 30 10
      vertex -109 -19 10
    endloop
  endfacet
  facet normal 0 0 1
    outer loop
      vertex -120 30 10
      vertex -115 35 10
      vertex -115.436 34.981 10
    endloop
  endfacet
  facet normal 0 0 1
    outer loop
      vertex -120 -30 10
      vertex -109 -19 10
      vertex -120 30 10
    endloop
  endfacet
  facet normal 0 0 1
    outer loop
      vertex -120 30 10
      vertex -115.436 34.981 10
      vertex -115.868 34.924 10
    endloop
  endfacet
  facet normal 0 0 1
    outer loop
      vertex -109 -19 10
      vertex -120 -30 10
      vertex -115 -35 10
    endloop
  endfacet
  facet normal 0 0 1
    outer loop
      vertex -120 30 10
      vertex -115.868 34.924 10
      vertex -116.294 34.8296 10
    endloop
  endfacet
  facet normal 0 0 1
    outer loop
      vertex -115 -35 10
      vertex -120 -30 10
      vertex -115.436 -34.981 10
    endloop
  endfacet
  facet normal 0 0 1
    outer loop
      vertex -120 30 10
      vertex -116.294 34.8296 10
      vertex -116.71 34.6985 10
    endloop
  endfacet
  facet normal 0 0 1
    outer loop
      vertex -115.436 -34.981 10
      vertex -120 -30 10
      vertex -115.868 -34.924 10
    endloop
  endfacet
  facet normal 0 0 1
    outer loop
      vertex -120 30 10
      vertex -116.71 34.6985 10
      vertex -117.113 34.5315 10
    endloop
  endfacet
  facet normal 0 0 1
    outer loop
      vertex -115.868 -34.924 10
      vertex -120 -30 10
      vertex -116.294 -34.8296 10
    endloop
  endfacet
  facet normal 0 0 1
    outer loop
      vertex -120 30 10
      vertex -117.113 34.5315 10
      vertex -117.5 34.3301 10
    endloop
  endfacet
  facet normal 0 0 1
    outer loop
      vertex -116.294 -34.8296 10
      vertex -120 -30 10
      vertex -116.71 -34.6985 10
    endloop
  endfacet
  facet normal 0 0 1
    outer loop
      vertex -120 30 10
      vertex -117.5 34.3301 10
      vertex -117.868 34.0957 10
    endloop
  endfacet
  facet normal 0 0 1
    outer loop
      vertex -116.71 -34.6985 10
      vertex -120 -30 10
      vertex -117.113 -34.5315 10
    endloop
  endfacet
  facet normal 0 0 1
    outer loop
      vertex -120 30 10
      vertex -117.868 34.0957 10
      vertex -118.214 33.8302 10
    endloop
  endfacet
  facet normal 0 0 1
    outer loop
      vertex -117.113 -34.5315 10
      vertex -120 -30 10
      vertex -117.5 -34.3301 10
    endloop
  endfacet
  facet normal 0 0 1
    outer loop
      vertex -120 30 10
      vertex -118.214 33.8302 10
      vertex -118.536 33.5355 10
    endloop
  endfacet
  facet normal 0 0 1
    outer loop
      vertex -117.5 -34.3301 10
      vertex -120 -30 10
      vertex -117.868 -34.0957 10
    endloop
  endfacet
  facet normal 0 0 1
    outer loop
      vertex -120 30 10
      vertex -118.536 33.5355 10
      vertex -118.83 33.2139 10
    endloop
  endfacet
  facet normal 0 0 1
    outer loop
      vertex -117.868 -34.0957 10
      vertex -120 -30 10
      vertex -118.214 -33.8302 10
    endloop
  endfacet
  facet normal 0 0 1
    outer loop
      vertex -120 30 10
      vertex -118.83 33.2139 10
      vertex -119.096 32.8679 10
    endloop
  endfacet
  facet normal 0 0 1
    outer loop
      vertex -118.214 -33.8302 10
      vertex -120 -30 10
      vertex -118.536 -33.5355 10
    endloop
  endfacet
  facet normal 0 0 1
    outer loop
      vertex -120 30 10
      vertex -119.096 32.8679 10
      vertex -119.33 32.5 10
    endloop
  endfacet
  facet normal 0 0 1
    outer loop
      vertex -118.536 -33.5355 10
      vertex -120 -30 10
      vertex -118.83 -33.2139 10
    endloop
  endfacet
  facet normal 0 0 1
    outer loop
      vertex -120 30 10
      vertex -119.33 32.5 10
      vertex -119.532 32.1131 10
    endloop
  endfacet
  facet normal 0 0 1
    outer loop
      vertex -118.83 -33.2139 10
      vertex -120 -30 10
      vertex -119.096 -32.8679 10
    endloop
  endfacet
  facet normal 0 0 1
    outer loop
      vertex -120 30 10
      vertex -119.532 32.1131 10
      vertex -119.698 31.7101 10
    endloop
  endfacet
  facet normal 0 0 1
    outer loop
      vertex -119.096 -32.8679 10
      vertex -120 -30 10
      vertex -119.33 -32.5 10
    endloop
  endfacet
  facet normal 0 0 1
    outer loop
      vertex -120 30 10
      vertex -119.698 31.7101 10
      vertex -119.83 31.2941 10
    endloop
  endfacet
  facet normal 0 0 1
    outer loop
      vertex -119.33 -32.5 10
      vertex -120 -30 10
      vertex -119.532 -32.1131 10
    endloop
  endfacet
  facet normal 0 0 1
    outer loop
      vertex -120 30 10
      vertex -119.83 31.2941 10
      vertex -119.924 30.8682 10
    endloop
  endfacet
  facet normal 0 0 1
    outer loop
      vertex -119.532 -32.1131 10
      vertex -120 -30 10
      vertex -119.698 -31.7101 10
    endloop
  endfacet
  facet normal 0 0 1
    outer loop
      vertex -120 30 10
      vertex -119.924 30.8682 10
      vertex -119.981 30.4358 10
    endloop
  endfacet
  facet normal 0 0 1
    outer loop
      vertex -119.698 -31.7101 10
      vertex -120 -30 10
      vertex -119.83 -31.2941 10
    endloop
  endfacet
  facet normal 0 0 1
    outer loop
      vertex -119.83 -31.2941 10
      vertex -120 -30 10
      vertex -119.924 -30.8682 10
    endloop
  endfacet
  facet normal 0 0 1
    outer loop
      vertex -119.924 -30.8682 10
      vertex -120 -30 10
      vertex -119.981 -30.4358 10
    endloop
  endfacet
  facet normal -0.300572 -0.953759 0
    outer loop
      vertex -116.71 -34.6985 0
      vertex -116.294 -34.8296 10
      vertex -116.71 -34.6985 10
    endloop
  endfacet
  facet normal -0.300572 -0.953759 -0
    outer loop
      vertex -116.294 -34.8296 10
      vertex -116.71 -34.6985 0
      vertex -116.294 -34.8296 0
    endloop
  endfacet
  facet normal 0.300572 -0.953759 0
    outer loop
      vertex 116.294 -34.8296 0
      vertex 116.71 -34.6985 10
      vertex 116.294 -34.8296 10
    endloop
  endfacet
  facet normal 0.300572 -0.953759 0
    outer loop
      vertex 116.71 -34.6985 10
      vertex 116.294 -34.8296 0
      vertex 116.71 -34.6985 0
    endloop
  endfacet
  facet normal -0.843784 -0.536683 0
    outer loop
      vertex -119.096 -32.8679 0
      vertex -119.33 -32.5 10
      vertex -119.33 -32.5 0
    endloop
  endfacet
  facet normal -0.843784 -0.536683 0
    outer loop
      vertex -119.33 -32.5 10
      vertex -119.096 -32.8679 0
      vertex -119.096 -32.8679 10
    endloop
  endfacet
  facet normal -0.792794 -0.609489 0
    outer loop
      vertex -118.83 -33.2139 0
      vertex -119.096 -32.8679 10
      vertex -119.096 -32.8679 0
    endloop
  endfacet
  facet normal -0.792794 -0.609489 0
    outer loop
      vertex -119.096 -32.8679 10
      vertex -118.83 -33.2139 0
      vertex -118.83 -33.2139 10
    endloop
  endfacet
  facet normal -0.382824 -0.923821 0
    outer loop
      vertex -117.113 -34.5315 0
      vertex -116.71 -34.6985 10
      vertex -117.113 -34.5315 10
    endloop
  endfacet
  facet normal -0.382824 -0.923821 -0
    outer loop
      vertex -116.71 -34.6985 10
      vertex -117.113 -34.5315 0
      vertex -116.71 -34.6985 0
    endloop
  endfacet
  facet normal -0.461641 -0.887067 0
    outer loop
      vertex -117.5 -34.3301 0
      vertex -117.113 -34.5315 10
      vertex -117.5 -34.3301 10
    endloop
  endfacet
  facet normal -0.461641 -0.887067 -0
    outer loop
      vertex -117.113 -34.5315 10
      vertex -117.5 -34.3301 0
      vertex -117.113 -34.5315 0
    endloop
  endfacet
  facet normal -0.537231 -0.843435 0
    outer loop
      vertex -117.868 -34.0957 0
      vertex -117.5 -34.3301 10
      vertex -117.868 -34.0957 10
    endloop
  endfacet
  facet normal -0.537231 -0.843435 -0
    outer loop
      vertex -117.5 -34.3301 10
      vertex -117.868 -34.0957 0
      vertex -117.5 -34.3301 0
    endloop
  endfacet
  facet normal -1 0 0
    outer loop
      vertex -71 -19 6.8
      vertex -71 19 10
      vertex -71 19 6.8
    endloop
  endfacet
  facet normal -1 -0 0
    outer loop
      vertex -71 19 10
      vertex -71 -19 6.8
      vertex -71 -19 10
    endloop
  endfacet
  facet normal -0 0 1
    outer loop
      vertex -109 19 6.8
      vertex -71 -19 6.8
      vertex -71 19 6.8
    endloop
  endfacet
  facet normal 0 0 1
    outer loop
      vertex -71 -19 6.8
      vertex -109 19 6.8
      vertex -109 -19 6.8
    endloop
  endfacet
  facet normal 1 -0 0
    outer loop
      vertex -109 -19 10
      vertex -109 19 6.8
      vertex -109 19 10
    endloop
  endfacet
  facet normal 1 0 0
    outer loop
      vertex -109 19 6.8
      vertex -109 -19 10
      vertex -109 -19 6.8
    endloop
  endfacet
  facet normal 0 -1 0
    outer loop
      vertex -109 19 6.8
      vertex -71 19 10
      vertex -109 19 10
    endloop
  endfacet
  facet normal 0 -1 -0
    outer loop
      vertex -71 19 10
      vertex -109 19 6.8
      vertex -71 19 6.8
    endloop
  endfacet
  facet normal 0 1 -0
    outer loop
      vertex -71 -19 6.8
      vertex -109 -19 10
      vertex -71 -19 10
    endloop
  endfacet
  facet normal 0 1 0
    outer loop
      vertex -109 -19 10
      vertex -71 -19 6.8
      vertex -109 -19 6.8
    endloop
  endfacet
  facet normal -0.991448 -0.130504 0
    outer loop
      vertex -10.0761 1.74311 6.8
      vertex -10.3038 3.47296 10
      vertex -10.3038 3.47296 6.8
    endloop
  endfacet
  facet normal -0.991448 -0.130504 0
    outer loop
      vertex -10.3038 3.47296 10
      vertex -10.0761 1.74311 6.8
      vertex -10.0761 1.74311 10
    endloop
  endfacet
  facet normal -0.999048 -0.0436161 0
    outer loop
      vertex -10 0 6.8
      vertex -10.0761 1.74311 10
      vertex -10.0761 1.74311 6.8
    endloop
  endfacet
  facet normal -0.999048 -0.0436161 0
    outer loop
      vertex -10.0761 1.74311 10
      vertex -10 0 6.8
      vertex -10 0 10
    endloop
  endfacet
  facet normal -0.976289 -0.216473 0
    outer loop
      vertex -10.3038 3.47296 6.8
      vertex -10.6815 5.17638 10
      vertex -10.6815 5.17638 6.8
    endloop
  endfacet
  facet normal -0.976289 -0.216473 0
    outer loop
      vertex -10.6815 5.17638 10
      vertex -10.3038 3.47296 6.8
      vertex -10.3038 3.47296 10
    endloop
  endfacet
  facet normal -0.793384 0.608721 0
    outer loop
      vertex -14.6791 -12.8558 6.8
      vertex -13.617 -11.4715 10
      vertex -13.617 -11.4715 6.8
    endloop
  endfacet
  facet normal -0.793384 0.608721 0
    outer loop
      vertex -13.617 -11.4715 10
      vertex -14.6791 -12.8558 6.8
      vertex -14.6791 -12.8558 10
    endloop
  endfacet
  facet normal 0.1305 -0.991448 0
    outer loop
      vertex -33.473 19.6962 6.8
      vertex -31.7431 19.9239 10
      vertex -33.473 19.6962 10
    endloop
  endfacet
  facet normal 0.1305 -0.991448 0
    outer loop
      vertex -31.7431 19.9239 10
      vertex -33.473 19.6962 6.8
      vertex -31.7431 19.9239 6.8
    endloop
  endfacet
  facet normal 0.953727 0.300673 0
    outer loop
      vertex -48.7939 -6.8404 10
      vertex -49.3185 -5.17638 6.8
      vertex -49.3185 -5.17638 10
    endloop
  endfacet
  facet normal 0.953727 0.300673 0
    outer loop
      vertex -49.3185 -5.17638 6.8
      vertex -48.7939 -6.8404 10
      vertex -48.7939 -6.8404 6.8
    endloop
  endfacet
  facet normal -0.382677 0.923882 0
    outer loop
      vertex -21.5476 -18.1262 6.8
      vertex -23.1596 -18.7939 10
      vertex -21.5476 -18.1262 10
    endloop
  endfacet
  facet normal -0.382677 0.923882 0
    outer loop
      vertex -23.1596 -18.7939 10
      vertex -21.5476 -18.1262 6.8
      vertex -23.1596 -18.7939 6.8
    endloop
  endfacet
  facet normal -0.216475 0.976288 0
    outer loop
      vertex -24.8236 -19.3185 6.8
      vertex -26.527 -19.6962 10
      vertex -24.8236 -19.3185 10
    endloop
  endfacet
  facet normal -0.216475 0.976288 0
    outer loop
      vertex -26.527 -19.6962 10
      vertex -24.8236 -19.3185 6.8
      vertex -26.527 -19.6962 6.8
    endloop
  endfacet
  facet normal -0.300676 -0.953726 0
    outer loop
      vertex -24.8236 19.3185 6.8
      vertex -23.1596 18.7939 10
      vertex -24.8236 19.3185 10
    endloop
  endfacet
  facet normal -0.300676 -0.953726 -0
    outer loop
      vertex -23.1596 18.7939 10
      vertex -24.8236 19.3185 6.8
      vertex -23.1596 18.7939 6.8
    endloop
  endfacet
  facet normal 0.843378 0.53732 0
    outer loop
      vertex -46.383 -11.4715 10
      vertex -47.3205 -10 6.8
      vertex -47.3205 -10 10
    endloop
  endfacet
  facet normal 0.843378 0.53732 0
    outer loop
      vertex -47.3205 -10 6.8
      vertex -46.383 -11.4715 10
      vertex -46.383 -11.4715 6.8
    endloop
  endfacet
  facet normal -0.0436163 0.999048 0
    outer loop
      vertex -28.2569 -19.9239 6.8
      vertex -30 -20 10
      vertex -28.2569 -19.9239 10
    endloop
  endfacet
  facet normal -0.0436163 0.999048 0
    outer loop
      vertex -30 -20 10
      vertex -28.2569 -19.9239 6.8
      vertex -30 -20 6.8
    endloop
  endfacet
  facet normal -0.216475 -0.976288 0
    outer loop
      vertex -26.527 19.6962 6.8
      vertex -24.8236 19.3185 10
      vertex -26.527 19.6962 10
    endloop
  endfacet
  facet normal -0.216475 -0.976288 -0
    outer loop
      vertex -24.8236 19.3185 10
      vertex -26.527 19.6962 6.8
      vertex -24.8236 19.3185 6.8
    endloop
  endfacet
  facet normal -0.923879 -0.382686 0
    outer loop
      vertex -11.2061 6.8404 6.8
      vertex -11.8738 8.45236 10
      vertex -11.8738 8.45236 6.8
    endloop
  endfacet
  facet normal -0.923879 -0.382686 0
    outer loop
      vertex -11.8738 8.45236 10
      vertex -11.2061 6.8404 6.8
      vertex -11.2061 6.8404 10
    endloop
  endfacet
  facet normal -0.991448 0.130504 0
    outer loop
      vertex -10.3038 -3.47296 6.8
      vertex -10.0761 -1.74311 10
      vertex -10.0761 -1.74311 6.8
    endloop
  endfacet
  facet normal -0.991448 0.130504 0
    outer loop
      vertex -10.0761 -1.74311 10
      vertex -10.3038 -3.47296 6.8
      vertex -10.3038 -3.47296 10
    endloop
  endfacet
  facet normal 0.382677 -0.923882 0
    outer loop
      vertex -38.4524 18.1262 6.8
      vertex -36.8404 18.7939 10
      vertex -38.4524 18.1262 10
    endloop
  endfacet
  facet normal 0.382677 -0.923882 0
    outer loop
      vertex -36.8404 18.7939 10
      vertex -38.4524 18.1262 6.8
      vertex -36.8404 18.7939 6.8
    endloop
  endfacet
  facet normal 0.608721 -0.793384 0
    outer loop
      vertex -42.8558 15.3209 6.8
      vertex -41.4715 16.383 10
      vertex -42.8558 15.3209 10
    endloop
  endfacet
  facet normal 0.608721 -0.793384 0
    outer loop
      vertex -41.4715 16.383 10
      vertex -42.8558 15.3209 6.8
      vertex -41.4715 16.383 6.8
    endloop
  endfacet
  facet normal 0.843378 -0.53732 0
    outer loop
      vertex -47.3205 10 10
      vertex -46.383 11.4715 6.8
      vertex -46.383 11.4715 10
    endloop
  endfacet
  facet normal 0.843378 -0.53732 0
    outer loop
      vertex -46.383 11.4715 6.8
      vertex -47.3205 10 10
      vertex -47.3205 10 6.8
    endloop
  endfacet
  facet normal -0.0436163 -0.999048 0
    outer loop
      vertex -30 20 6.8
      vertex -28.2569 19.9239 10
      vertex -30 20 10
    endloop
  endfacet
  facet normal -0.0436163 -0.999048 -0
    outer loop
      vertex -28.2569 19.9239 10
      vertex -30 20 6.8
      vertex -28.2569 19.9239 6.8
    endloop
  endfacet
  facet normal -0.675629 -0.737242 0
    outer loop
      vertex -17.1442 15.3209 6.8
      vertex -15.8579 14.1421 10
      vertex -17.1442 15.3209 10
    endloop
  endfacet
  facet normal -0.675629 -0.737242 -0
    outer loop
      vertex -15.8579 14.1421 10
      vertex -17.1442 15.3209 6.8
      vertex -15.8579 14.1421 6.8
    endloop
  endfacet
  facet normal 0.737242 -0.675629 0
    outer loop
      vertex -45.3209 12.8558 10
      vertex -44.1421 14.1421 6.8
      vertex -44.1421 14.1421 10
    endloop
  endfacet
  facet normal 0.737242 -0.675629 0
    outer loop
      vertex -44.1421 14.1421 6.8
      vertex -45.3209 12.8558 10
      vertex -45.3209 12.8558 6.8
    endloop
  endfacet
  facet normal -0.737242 0.675629 0
    outer loop
      vertex -15.8579 -14.1421 6.8
      vertex -14.6791 -12.8558 10
      vertex -14.6791 -12.8558 6.8
    endloop
  endfacet
  facet normal -0.737242 0.675629 0
    outer loop
      vertex -14.6791 -12.8558 10
      vertex -15.8579 -14.1421 6.8
      vertex -15.8579 -14.1421 10
    endloop
  endfacet
  facet normal 0.0436163 0.999048 -0
    outer loop
      vertex -30 -20 6.8
      vertex -31.7431 -19.9239 10
      vertex -30 -20 10
    endloop
  endfacet
  facet normal 0.0436163 0.999048 0
    outer loop
      vertex -31.7431 -19.9239 10
      vertex -30 -20 6.8
      vertex -31.7431 -19.9239 6.8
    endloop
  endfacet
  facet normal -0.843378 -0.53732 0
    outer loop
      vertex -12.6795 10 6.8
      vertex -13.617 11.4715 10
      vertex -13.617 11.4715 6.8
    endloop
  endfacet
  facet normal -0.843378 -0.53732 0
    outer loop
      vertex -13.617 11.4715 10
      vertex -12.6795 10 6.8
      vertex -12.6795 10 10
    endloop
  endfacet
  facet normal 0.0436163 -0.999048 0
    outer loop
      vertex -31.7431 19.9239 6.8
      vertex -30 20 10
      vertex -31.7431 19.9239 10
    endloop
  endfacet
  facet normal 0.0436163 -0.999048 0
    outer loop
      vertex -30 20 10
      vertex -31.7431 19.9239 6.8
      vertex -30 20 6.8
    endloop
  endfacet
  facet normal -0.953727 0.300673 0
    outer loop
      vertex -11.2061 -6.8404 6.8
      vertex -10.6815 -5.17638 10
      vertex -10.6815 -5.17638 6.8
    endloop
  endfacet
  facet normal -0.953727 0.300673 0
    outer loop
      vertex -10.6815 -5.17638 10
      vertex -11.2061 -6.8404 6.8
      vertex -11.2061 -6.8404 10
    endloop
  endfacet
  facet normal 0.923879 0.382686 0
    outer loop
      vertex -48.1262 -8.45236 10
      vertex -48.7939 -6.8404 6.8
      vertex -48.7939 -6.8404 10
    endloop
  endfacet
  facet normal 0.923879 0.382686 0
    outer loop
      vertex -48.7939 -6.8404 6.8
      vertex -48.1262 -8.45236 10
      vertex -48.1262 -8.45236 6.8
    endloop
  endfacet
  facet normal 0.976289 0.216473 0
    outer loop
      vertex -49.3185 -5.17638 10
      vertex -49.6962 -3.47296 6.8
      vertex -49.6962 -3.47296 10
    endloop
  endfacet
  facet normal 0.976289 0.216473 0
    outer loop
      vertex -49.6962 -3.47296 6.8
      vertex -49.3185 -5.17638 10
      vertex -49.3185 -5.17638 6.8
    endloop
  endfacet
  facet normal 0.300676 -0.953726 0
    outer loop
      vertex -36.8404 18.7939 6.8
      vertex -35.1764 19.3185 10
      vertex -36.8404 18.7939 10
    endloop
  endfacet
  facet normal 0.300676 -0.953726 0
    outer loop
      vertex -35.1764 19.3185 10
      vertex -36.8404 18.7939 6.8
      vertex -35.1764 19.3185 6.8
    endloop
  endfacet
  facet normal -0.886999 0.461771 0
    outer loop
      vertex -12.6795 -10 6.8
      vertex -11.8738 -8.45236 10
      vertex -11.8738 -8.45236 6.8
    endloop
  endfacet
  facet normal -0.886999 0.461771 0
    outer loop
      vertex -11.8738 -8.45236 10
      vertex -12.6795 -10 6.8
      vertex -12.6795 -10 10
    endloop
  endfacet
  facet normal 0.923879 -0.382686 0
    outer loop
      vertex -48.7939 6.8404 10
      vertex -48.1262 8.45236 6.8
      vertex -48.1262 8.45236 10
    endloop
  endfacet
  facet normal 0.923879 -0.382686 0
    outer loop
      vertex -48.1262 8.45236 6.8
      vertex -48.7939 6.8404 10
      vertex -48.7939 6.8404 6.8
    endloop
  endfacet
  facet normal 0.793384 0.608721 0
    outer loop
      vertex -45.3209 -12.8558 10
      vertex -46.383 -11.4715 6.8
      vertex -46.383 -11.4715 10
    endloop
  endfacet
  facet normal 0.793384 0.608721 0
    outer loop
      vertex -46.383 -11.4715 6.8
      vertex -45.3209 -12.8558 10
      vertex -45.3209 -12.8558 6.8
    endloop
  endfacet
  facet normal -0.608721 0.793384 0
    outer loop
      vertex -17.1442 -15.3209 6.8
      vertex -18.5285 -16.383 10
      vertex -17.1442 -15.3209 10
    endloop
  endfacet
  facet normal -0.608721 0.793384 0
    outer loop
      vertex -18.5285 -16.383 10
      vertex -17.1442 -15.3209 6.8
      vertex -18.5285 -16.383 6.8
    endloop
  endfacet
  facet normal -0.999048 0.0436161 0
    outer loop
      vertex -10.0761 -1.74311 6.8
      vertex -10 0 10
      vertex -10 0 6.8
    endloop
  endfacet
  facet normal -0.999048 0.0436161 0
    outer loop
      vertex -10 0 10
      vertex -10.0761 -1.74311 6.8
      vertex -10.0761 -1.74311 10
    endloop
  endfacet
  facet normal 0.382677 0.923882 -0
    outer loop
      vertex -36.8404 -18.7939 6.8
      vertex -38.4524 -18.1262 10
      vertex -36.8404 -18.7939 10
    endloop
  endfacet
  facet normal 0.382677 0.923882 0
    outer loop
      vertex -38.4524 -18.1262 10
      vertex -36.8404 -18.7939 6.8
      vertex -38.4524 -18.1262 6.8
    endloop
  endfacet
  facet normal -0.923879 0.382686 0
    outer loop
      vertex -11.8738 -8.45236 6.8
      vertex -11.2061 -6.8404 10
      vertex -11.2061 -6.8404 6.8
    endloop
  endfacet
  facet normal -0.923879 0.382686 0
    outer loop
      vertex -11.2061 -6.8404 10
      vertex -11.8738 -8.45236 6.8
      vertex -11.8738 -8.45236 10
    endloop
  endfacet
  facet normal -0.1305 0.991448 0
    outer loop
      vertex -26.527 -19.6962 6.8
      vertex -28.2569 -19.9239 10
      vertex -26.527 -19.6962 10
    endloop
  endfacet
  facet normal -0.1305 0.991448 0
    outer loop
      vertex -28.2569 -19.9239 10
      vertex -26.527 -19.6962 6.8
      vertex -28.2569 -19.9239 6.8
    endloop
  endfacet
  facet normal -0.953727 -0.300673 0
    outer loop
      vertex -10.6815 5.17638 6.8
      vertex -11.2061 6.8404 10
      vertex -11.2061 6.8404 6.8
    endloop
  endfacet
  facet normal -0.953727 -0.300673 0
    outer loop
      vertex -11.2061 6.8404 10
      vertex -10.6815 5.17638 6.8
      vertex -10.6815 5.17638 10
    endloop
  endfacet
  facet normal -0.737242 -0.675629 0
    outer loop
      vertex -14.6791 12.8558 6.8
      vertex -15.8579 14.1421 10
      vertex -15.8579 14.1421 6.8
    endloop
  endfacet
  facet normal -0.737242 -0.675629 0
    outer loop
      vertex -15.8579 14.1421 10
      vertex -14.6791 12.8558 6.8
      vertex -14.6791 12.8558 10
    endloop
  endfacet
  facet normal -0.608721 -0.793384 0
    outer loop
      vertex -18.5285 16.383 6.8
      vertex -17.1442 15.3209 10
      vertex -18.5285 16.383 10
    endloop
  endfacet
  facet normal -0.608721 -0.793384 -0
    outer loop
      vertex -17.1442 15.3209 10
      vertex -18.5285 16.383 6.8
      vertex -17.1442 15.3209 6.8
    endloop
  endfacet
  facet normal 0.53732 -0.843378 0
    outer loop
      vertex -41.4715 16.383 6.8
      vertex -40 17.3205 10
      vertex -41.4715 16.383 10
    endloop
  endfacet
  facet normal 0.53732 -0.843378 0
    outer loop
      vertex -40 17.3205 10
      vertex -41.4715 16.383 6.8
      vertex -40 17.3205 6.8
    endloop
  endfacet
  facet normal -0.382677 -0.923882 0
    outer loop
      vertex -23.1596 18.7939 6.8
      vertex -21.5476 18.1262 10
      vertex -23.1596 18.7939 10
    endloop
  endfacet
  facet normal -0.382677 -0.923882 -0
    outer loop
      vertex -21.5476 18.1262 10
      vertex -23.1596 18.7939 6.8
      vertex -21.5476 18.1262 6.8
    endloop
  endfacet
  facet normal 0.216475 -0.976288 0
    outer loop
      vertex -35.1764 19.3185 6.8
      vertex -33.473 19.6962 10
      vertex -35.1764 19.3185 10
    endloop
  endfacet
  facet normal 0.216475 -0.976288 0
    outer loop
      vertex -33.473 19.6962 10
      vertex -35.1764 19.3185 6.8
      vertex -33.473 19.6962 6.8
    endloop
  endfacet
  facet normal 0.1305 0.991448 -0
    outer loop
      vertex -31.7431 -19.9239 6.8
      vertex -33.473 -19.6962 10
      vertex -31.7431 -19.9239 10
    endloop
  endfacet
  facet normal 0.1305 0.991448 0
    outer loop
      vertex -33.473 -19.6962 10
      vertex -31.7431 -19.9239 6.8
      vertex -33.473 -19.6962 6.8
    endloop
  endfacet
  facet normal 0.46178 0.886994 -0
    outer loop
      vertex -38.4524 -18.1262 6.8
      vertex -40 -17.3205 10
      vertex -38.4524 -18.1262 10
    endloop
  endfacet
  facet normal 0.46178 0.886994 0
    outer loop
      vertex -40 -17.3205 10
      vertex -38.4524 -18.1262 6.8
      vertex -40 -17.3205 6.8
    endloop
  endfacet
  facet normal -0.46178 -0.886994 0
    outer loop
      vertex -21.5476 18.1262 6.8
      vertex -20 17.3205 10
      vertex -21.5476 18.1262 10
    endloop
  endfacet
  facet normal -0.46178 -0.886994 -0
    outer loop
      vertex -20 17.3205 10
      vertex -21.5476 18.1262 6.8
      vertex -20 17.3205 6.8
    endloop
  endfacet
  facet normal 0.953727 -0.300673 0
    outer loop
      vertex -49.3185 5.17638 10
      vertex -48.7939 6.8404 6.8
      vertex -48.7939 6.8404 10
    endloop
  endfacet
  facet normal 0.953727 -0.300673 0
    outer loop
      vertex -48.7939 6.8404 6.8
      vertex -49.3185 5.17638 10
      vertex -49.3185 5.17638 6.8
    endloop
  endfacet
  facet normal 0.886999 0.461771 0
    outer loop
      vertex -47.3205 -10 10
      vertex -48.1262 -8.45236 6.8
      vertex -48.1262 -8.45236 10
    endloop
  endfacet
  facet normal 0.886999 0.461771 0
    outer loop
      vertex -48.1262 -8.45236 6.8
      vertex -47.3205 -10 10
      vertex -47.3205 -10 6.8
    endloop
  endfacet
  facet normal -0.886999 -0.461771 0
    outer loop
      vertex -11.8738 8.45236 6.8
      vertex -12.6795 10 10
      vertex -12.6795 10 6.8
    endloop
  endfacet
  facet normal -0.886999 -0.461771 0
    outer loop
      vertex -12.6795 10 10
      vertex -11.8738 8.45236 6.8
      vertex -11.8738 8.45236 10
    endloop
  endfacet
  facet normal -0.1305 -0.991448 0
    outer loop
      vertex -28.2569 19.9239 6.8
      vertex -26.527 19.6962 10
      vertex -28.2569 19.9239 10
    endloop
  endfacet
  facet normal -0.1305 -0.991448 -0
    outer loop
      vertex -26.527 19.6962 10
      vertex -28.2569 19.9239 6.8
      vertex -26.527 19.6962 6.8
    endloop
  endfacet
  facet normal 0.608721 0.793384 -0
    outer loop
      vertex -41.4715 -16.383 6.8
      vertex -42.8558 -15.3209 10
      vertex -41.4715 -16.383 10
    endloop
  endfacet
  facet normal 0.608721 0.793384 0
    outer loop
      vertex -42.8558 -15.3209 10
      vertex -41.4715 -16.383 6.8
      vertex -42.8558 -15.3209 6.8
    endloop
  endfacet
  facet normal 0.675629 -0.737242 0
    outer loop
      vertex -44.1421 14.1421 6.8
      vertex -42.8558 15.3209 10
      vertex -44.1421 14.1421 10
    endloop
  endfacet
  facet normal 0.675629 -0.737242 0
    outer loop
      vertex -42.8558 15.3209 10
      vertex -44.1421 14.1421 6.8
      vertex -42.8558 15.3209 6.8
    endloop
  endfacet
  facet normal -0.976289 0.216473 0
    outer loop
      vertex -10.6815 -5.17638 6.8
      vertex -10.3038 -3.47296 10
      vertex -10.3038 -3.47296 6.8
    endloop
  endfacet
  facet normal -0.976289 0.216473 0
    outer loop
      vertex -10.3038 -3.47296 10
      vertex -10.6815 -5.17638 6.8
      vertex -10.6815 -5.17638 10
    endloop
  endfacet
  facet normal 0.976289 -0.216473 0
    outer loop
      vertex -49.6962 3.47296 10
      vertex -49.3185 5.17638 6.8
      vertex -49.3185 5.17638 10
    endloop
  endfacet
  facet normal 0.976289 -0.216473 0
    outer loop
      vertex -49.3185 5.17638 6.8
      vertex -49.6962 3.47296 10
      vertex -49.6962 3.47296 6.8
    endloop
  endfacet
  facet normal 0.216475 0.976288 -0
    outer loop
      vertex -33.473 -19.6962 6.8
      vertex -35.1764 -19.3185 10
      vertex -33.473 -19.6962 10
    endloop
  endfacet
  facet normal 0.216475 0.976288 0
    outer loop
      vertex -35.1764 -19.3185 10
      vertex -33.473 -19.6962 6.8
      vertex -35.1764 -19.3185 6.8
    endloop
  endfacet
  facet normal 0.737242 0.675629 0
    outer loop
      vertex -44.1421 -14.1421 10
      vertex -45.3209 -12.8558 6.8
      vertex -45.3209 -12.8558 10
    endloop
  endfacet
  facet normal 0.737242 0.675629 0
    outer loop
      vertex -45.3209 -12.8558 6.8
      vertex -44.1421 -14.1421 10
      vertex -44.1421 -14.1421 6.8
    endloop
  endfacet
  facet normal -0.53732 -0.843378 0
    outer loop
      vertex -20 17.3205 6.8
      vertex -18.5285 16.383 10
      vertex -20 17.3205 10
    endloop
  endfacet
  facet normal -0.53732 -0.843378 -0
    outer loop
      vertex -18.5285 16.383 10
      vertex -20 17.3205 6.8
      vertex -18.5285 16.383 6.8
    endloop
  endfacet
  facet normal 0.991448 0.130504 0
    outer loop
      vertex -49.6962 -3.47296 10
      vertex -49.9239 -1.74311 6.8
      vertex -49.9239 -1.74311 10
    endloop
  endfacet
  facet normal 0.991448 0.130504 0
    outer loop
      vertex -49.9239 -1.74311 6.8
      vertex -49.6962 -3.47296 10
      vertex -49.6962 -3.47296 6.8
    endloop
  endfacet
  facet normal -0.300676 0.953726 0
    outer loop
      vertex -23.1596 -18.7939 6.8
      vertex -24.8236 -19.3185 10
      vertex -23.1596 -18.7939 10
    endloop
  endfacet
  facet normal -0.300676 0.953726 0
    outer loop
      vertex -24.8236 -19.3185 10
      vertex -23.1596 -18.7939 6.8
      vertex -24.8236 -19.3185 6.8
    endloop
  endfacet
  facet normal 0.46178 -0.886994 0
    outer loop
      vertex -40 17.3205 6.8
      vertex -38.4524 18.1262 10
      vertex -40 17.3205 10
    endloop
  endfacet
  facet normal 0.46178 -0.886994 0
    outer loop
      vertex -38.4524 18.1262 10
      vertex -40 17.3205 6.8
      vertex -38.4524 18.1262 6.8
    endloop
  endfacet
  facet normal 0.999048 0.0436161 0
    outer loop
      vertex -49.9239 -1.74311 10
      vertex -50 0 6.8
      vertex -50 0 10
    endloop
  endfacet
  facet normal 0.999048 0.0436161 0
    outer loop
      vertex -50 0 6.8
      vertex -49.9239 -1.74311 10
      vertex -49.9239 -1.74311 6.8
    endloop
  endfacet
  facet normal -0.46178 0.886994 0
    outer loop
      vertex -20 -17.3205 6.8
      vertex -21.5476 -18.1262 10
      vertex -20 -17.3205 10
    endloop
  endfacet
  facet normal -0.46178 0.886994 0
    outer loop
      vertex -21.5476 -18.1262 10
      vertex -20 -17.3205 6.8
      vertex -21.5476 -18.1262 6.8
    endloop
  endfacet
  facet normal -0.843378 0.53732 0
    outer loop
      vertex -13.617 -11.4715 6.8
      vertex -12.6795 -10 10
      vertex -12.6795 -10 6.8
    endloop
  endfacet
  facet normal -0.843378 0.53732 0
    outer loop
      vertex -12.6795 -10 10
      vertex -13.617 -11.4715 6.8
      vertex -13.617 -11.4715 10
    endloop
  endfacet
  facet normal 0.675629 0.737242 -0
    outer loop
      vertex -42.8558 -15.3209 6.8
      vertex -44.1421 -14.1421 10
      vertex -42.8558 -15.3209 10
    endloop
  endfacet
  facet normal 0.675629 0.737242 0
    outer loop
      vertex -44.1421 -14.1421 10
      vertex -42.8558 -15.3209 6.8
      vertex -44.1421 -14.1421 6.8
    endloop
  endfacet
  facet normal -0.793384 -0.608721 0
    outer loop
      vertex -13.617 11.4715 6.8
      vertex -14.6791 12.8558 10
      vertex -14.6791 12.8558 6.8
    endloop
  endfacet
  facet normal -0.793384 -0.608721 0
    outer loop
      vertex -14.6791 12.8558 10
      vertex -13.617 11.4715 6.8
      vertex -13.617 11.4715 10
    endloop
  endfacet
  facet normal 0.991448 -0.130504 0
    outer loop
      vertex -49.9239 1.74311 10
      vertex -49.6962 3.47296 6.8
      vertex -49.6962 3.47296 10
    endloop
  endfacet
  facet normal 0.991448 -0.130504 0
    outer loop
      vertex -49.6962 3.47296 6.8
      vertex -49.9239 1.74311 10
      vertex -49.9239 1.74311 6.8
    endloop
  endfacet
  facet normal 0.999048 -0.0436161 0
    outer loop
      vertex -50 0 10
      vertex -49.9239 1.74311 6.8
      vertex -49.9239 1.74311 10
    endloop
  endfacet
  facet normal 0.999048 -0.0436161 0
    outer loop
      vertex -49.9239 1.74311 6.8
      vertex -50 0 10
      vertex -50 0 6.8
    endloop
  endfacet
  facet normal 0.300676 0.953726 -0
    outer loop
      vertex -35.1764 -19.3185 6.8
      vertex -36.8404 -18.7939 10
      vertex -35.1764 -19.3185 10
    endloop
  endfacet
  facet normal 0.300676 0.953726 0
    outer loop
      vertex -36.8404 -18.7939 10
      vertex -35.1764 -19.3185 6.8
      vertex -36.8404 -18.7939 6.8
    endloop
  endfacet
  facet normal -0.53732 0.843378 0
    outer loop
      vertex -18.5285 -16.383 6.8
      vertex -20 -17.3205 10
      vertex -18.5285 -16.383 10
    endloop
  endfacet
  facet normal -0.53732 0.843378 0
    outer loop
      vertex -20 -17.3205 10
      vertex -18.5285 -16.383 6.8
      vertex -20 -17.3205 6.8
    endloop
  endfacet
  facet normal 0.53732 0.843378 -0
    outer loop
      vertex -40 -17.3205 6.8
      vertex -41.4715 -16.383 10
      vertex -40 -17.3205 10
    endloop
  endfacet
  facet normal 0.53732 0.843378 0
    outer loop
      vertex -41.4715 -16.383 10
      vertex -40 -17.3205 6.8
      vertex -41.4715 -16.383 6.8
    endloop
  endfacet
  facet normal -0.675629 0.737242 0
    outer loop
      vertex -15.8579 -14.1421 6.8
      vertex -17.1442 -15.3209 10
      vertex -15.8579 -14.1421 10
    endloop
  endfacet
  facet normal -0.675629 0.737242 0
    outer loop
      vertex -17.1442 -15.3209 10
      vertex -15.8579 -14.1421 6.8
      vertex -17.1442 -15.3209 6.8
    endloop
  endfacet
  facet normal 0 0 1
    outer loop
      vertex -10.0761 1.74311 6.8
      vertex -10.0761 -1.74311 6.8
      vertex -10 0 6.8
    endloop
  endfacet
  facet normal 0 0 1
    outer loop
      vertex -10.3038 3.47296 6.8
      vertex -10.0761 -1.74311 6.8
      vertex -10.0761 1.74311 6.8
    endloop
  endfacet
  facet normal 0 0 1
    outer loop
      vertex -10.3038 3.47296 6.8
      vertex -10.3038 -3.47296 6.8
      vertex -10.0761 -1.74311 6.8
    endloop
  endfacet
  facet normal 0 0 1
    outer loop
      vertex -10.6815 5.17638 6.8
      vertex -10.3038 -3.47296 6.8
      vertex -10.3038 3.47296 6.8
    endloop
  endfacet
  facet normal 0 0 1
    outer loop
      vertex -10.6815 5.17638 6.8
      vertex -10.6815 -5.17638 6.8
      vertex -10.3038 -3.47296 6.8
    endloop
  endfacet
  facet normal 0 0 1
    outer loop
      vertex -11.2061 6.8404 6.8
      vertex -10.6815 -5.17638 6.8
      vertex -10.6815 5.17638 6.8
    endloop
  endfacet
  facet normal 0 0 1
    outer loop
      vertex -11.2061 6.8404 6.8
      vertex -11.2061 -6.8404 6.8
      vertex -10.6815 -5.17638 6.8
    endloop
  endfacet
  facet normal 0 0 1
    outer loop
      vertex -11.8738 8.45236 6.8
      vertex -11.2061 -6.8404 6.8
      vertex -11.2061 6.8404 6.8
    endloop
  endfacet
  facet normal 0 0 1
    outer loop
      vertex -11.8738 8.45236 6.8
      vertex -11.8738 -8.45236 6.8
      vertex -11.2061 -6.8404 6.8
    endloop
  endfacet
  facet normal 0 0 1
    outer loop
      vertex -12.6795 10 6.8
      vertex -11.8738 -8.45236 6.8
      vertex -11.8738 8.45236 6.8
    endloop
  endfacet
  facet normal 0 0 1
    outer loop
      vertex -12.6795 10 6.8
      vertex -12.6795 -10 6.8
      vertex -11.8738 -8.45236 6.8
    endloop
  endfacet
  facet normal 0 0 1
    outer loop
      vertex -13.617 11.4715 6.8
      vertex -12.6795 -10 6.8
      vertex -12.6795 10 6.8
    endloop
  endfacet
  facet normal 0 0 1
    outer loop
      vertex -13.617 11.4715 6.8
      vertex -13.617 -11.4715 6.8
      vertex -12.6795 -10 6.8
    endloop
  endfacet
  facet normal 0 0 1
    outer loop
      vertex -14.6791 12.8558 6.8
      vertex -13.617 -11.4715 6.8
      vertex -13.617 11.4715 6.8
    endloop
  endfacet
  facet normal 0 0 1
    outer loop
      vertex -14.6791 12.8558 6.8
      vertex -14.6791 -12.8558 6.8
      vertex -13.617 -11.4715 6.8
    endloop
  endfacet
  facet normal 0 0 1
    outer loop
      vertex -15.8579 14.1421 6.8
      vertex -14.6791 -12.8558 6.8
      vertex -14.6791 12.8558 6.8
    endloop
  endfacet
  facet normal 0 0 1
    outer loop
      vertex -15.8579 14.1421 6.8
      vertex -15.8579 -14.1421 6.8
      vertex -14.6791 -12.8558 6.8
    endloop
  endfacet
  facet normal 0 0 1
    outer loop
      vertex -17.1442 15.3209 6.8
      vertex -15.8579 -14.1421 6.8
      vertex -15.8579 14.1421 6.8
    endloop
  endfacet
  facet normal 0 0 1
    outer loop
      vertex -17.1442 15.3209 6.8
      vertex -17.1442 -15.3209 6.8
      vertex -15.8579 -14.1421 6.8
    endloop
  endfacet
  facet normal 0 0 1
    outer loop
      vertex -18.5285 16.383 6.8
      vertex -17.1442 -15.3209 6.8
      vertex -17.1442 15.3209 6.8
    endloop
  endfacet
  facet normal 0 0 1
    outer loop
      vertex -18.5285 16.383 6.8
      vertex -18.5285 -16.383 6.8
      vertex -17.1442 -15.3209 6.8
    endloop
  endfacet
  facet normal 0 0 1
    outer loop
      vertex -20 17.3205 6.8
      vertex -18.5285 -16.383 6.8
      vertex -18.5285 16.383 6.8
    endloop
  endfacet
  facet normal 0 0 1
    outer loop
      vertex -20 17.3205 6.8
      vertex -20 -17.3205 6.8
      vertex -18.5285 -16.383 6.8
    endloop
  endfacet
  facet normal 0 0 1
    outer loop
      vertex -21.5476 18.1262 6.8
      vertex -20 -17.3205 6.8
      vertex -20 17.3205 6.8
    endloop
  endfacet
  facet normal 0 0 1
    outer loop
      vertex -21.5476 18.1262 6.8
      vertex -21.5476 -18.1262 6.8
      vertex -20 -17.3205 6.8
    endloop
  endfacet
  facet normal 0 0 1
    outer loop
      vertex -23.1596 18.7939 6.8
      vertex -21.5476 -18.1262 6.8
      vertex -21.5476 18.1262 6.8
    endloop
  endfacet
  facet normal 0 0 1
    outer loop
      vertex -23.1596 18.7939 6.8
      vertex -23.1596 -18.7939 6.8
      vertex -21.5476 -18.1262 6.8
    endloop
  endfacet
  facet normal 0 0 1
    outer loop
      vertex -24.8236 19.3185 6.8
      vertex -23.1596 -18.7939 6.8
      vertex -23.1596 18.7939 6.8
    endloop
  endfacet
  facet normal 0 0 1
    outer loop
      vertex -24.8236 19.3185 6.8
      vertex -24.8236 -19.3185 6.8
      vertex -23.1596 -18.7939 6.8
    endloop
  endfacet
  facet normal 0 0 1
    outer loop
      vertex -26.527 19.6962 6.8
      vertex -24.8236 -19.3185 6.8
      vertex -24.8236 19.3185 6.8
    endloop
  endfacet
  facet normal 0 0 1
    outer loop
      vertex -26.527 19.6962 6.8
      vertex -26.527 -19.6962 6.8
      vertex -24.8236 -19.3185 6.8
    endloop
  endfacet
  facet normal 0 0 1
    outer loop
      vertex -28.2569 19.9239 6.8
      vertex -26.527 -19.6962 6.8
      vertex -26.527 19.6962 6.8
    endloop
  endfacet
  facet normal 0 0 1
    outer loop
      vertex -28.2569 19.9239 6.8
      vertex -28.2569 -19.9239 6.8
      vertex -26.527 -19.6962 6.8
    endloop
  endfacet
  facet normal 0 0 1
    outer loop
      vertex -30 20 6.8
      vertex -28.2569 -19.9239 6.8
      vertex -28.2569 19.9239 6.8
    endloop
  endfacet
  facet normal 0 0 1
    outer loop
      vertex -30 20 6.8
      vertex -30 -20 6.8
      vertex -28.2569 -19.9239 6.8
    endloop
  endfacet
  facet normal -0 0 1
    outer loop
      vertex -31.7431 19.9239 6.8
      vertex -30 -20 6.8
      vertex -30 20 6.8
    endloop
  endfacet
  facet normal 0 0 1
    outer loop
      vertex -31.7431 19.9239 6.8
      vertex -31.7431 -19.9239 6.8
      vertex -30 -20 6.8
    endloop
  endfacet
  facet normal -0 0 1
    outer loop
      vertex -33.473 19.6962 6.8
      vertex -31.7431 -19.9239 6.8
      vertex -31.7431 19.9239 6.8
    endloop
  endfacet
  facet normal 0 0 1
    outer loop
      vertex -33.473 19.6962 6.8
      vertex -33.473 -19.6962 6.8
      vertex -31.7431 -19.9239 6.8
    endloop
  endfacet
  facet normal -0 0 1
    outer loop
      vertex -35.1764 19.3185 6.8
      vertex -33.473 -19.6962 6.8
      vertex -33.473 19.6962 6.8
    endloop
  endfacet
  facet normal 0 0 1
    outer loop
      vertex -35.1764 19.3185 6.8
      vertex -35.1764 -19.3185 6.8
      vertex -33.473 -19.6962 6.8
    endloop
  endfacet
  facet normal -0 0 1
    outer loop
      vertex -36.8404 18.7939 6.8
      vertex -35.1764 -19.3185 6.8
      vertex -35.1764 19.3185 6.8
    endloop
  endfacet
  facet normal 0 0 1
    outer loop
      vertex -36.8404 18.7939 6.8
      vertex -36.8404 -18.7939 6.8
      vertex -35.1764 -19.3185 6.8
    endloop
  endfacet
  facet normal -0 0 1
    outer loop
      vertex -38.4524 18.1262 6.8
      vertex -36.8404 -18.7939 6.8
      vertex -36.8404 18.7939 6.8
    endloop
  endfacet
  facet normal 0 0 1
    outer loop
      vertex -38.4524 18.1262 6.8
      vertex -38.4524 -18.1262 6.8
      vertex -36.8404 -18.7939 6.8
    endloop
  endfacet
  facet normal -0 0 1
    outer loop
      vertex -40 17.3205 6.8
      vertex -38.4524 -18.1262 6.8
      vertex -38.4524 18.1262 6.8
    endloop
  endfacet
  facet normal 0 0 1
    outer loop
      vertex -40 17.3205 6.8
      vertex -40 -17.3205 6.8
      vertex -38.4524 -18.1262 6.8
    endloop
  endfacet
  facet normal -0 0 1
    outer loop
      vertex -41.4715 16.383 6.8
      vertex -40 -17.3205 6.8
      vertex -40 17.3205 6.8
    endloop
  endfacet
  facet normal 0 0 1
    outer loop
      vertex -41.4715 16.383 6.8
      vertex -41.4715 -16.383 6.8
      vertex -40 -17.3205 6.8
    endloop
  endfacet
  facet normal -0 0 1
    outer loop
      vertex -42.8558 15.3209 6.8
      vertex -41.4715 -16.383 6.8
      vertex -41.4715 16.383 6.8
    endloop
  endfacet
  facet normal 0 0 1
    outer loop
      vertex -42.8558 15.3209 6.8
      vertex -42.8558 -15.3209 6.8
      vertex -41.4715 -16.383 6.8
    endloop
  endfacet
  facet normal -0 0 1
    outer loop
      vertex -44.1421 14.1421 6.8
      vertex -42.8558 -15.3209 6.8
      vertex -42.8558 15.3209 6.8
    endloop
  endfacet
  facet normal 0 0 1
    outer loop
      vertex -44.1421 14.1421 6.8
      vertex -44.1421 -14.1421 6.8
      vertex -42.8558 -15.3209 6.8
    endloop
  endfacet
  facet normal -0 0 1
    outer loop
      vertex -45.3209 12.8558 6.8
      vertex -44.1421 -14.1421 6.8
      vertex -44.1421 14.1421 6.8
    endloop
  endfacet
  facet normal 0 0 1
    outer loop
      vertex -45.3209 12.8558 6.8
      vertex -45.3209 -12.8558 6.8
      vertex -44.1421 -14.1421 6.8
    endloop
  endfacet
  facet normal -0 0 1
    outer loop
      vertex -46.383 11.4715 6.8
      vertex -45.3209 -12.8558 6.8
      vertex -45.3209 12.8558 6.8
    endloop
  endfacet
  facet normal 0 0 1
    outer loop
      vertex -46.383 11.4715 6.8
      vertex -46.383 -11.4715 6.8
      vertex -45.3209 -12.8558 6.8
    endloop
  endfacet
  facet normal -0 0 1
    outer loop
      vertex -47.3205 10 6.8
      vertex -46.383 -11.4715 6.8
      vertex -46.383 11.4715 6.8
    endloop
  endfacet
  facet normal 0 0 1
    outer loop
      vertex -47.3205 10 6.8
      vertex -47.3205 -10 6.8
      vertex -46.383 -11.4715 6.8
    endloop
  endfacet
  facet normal -0 0 1
    outer loop
      vertex -48.1262 8.45236 6.8
      vertex -47.3205 -10 6.8
      vertex -47.3205 10 6.8
    endloop
  endfacet
  facet normal 0 0 1
    outer loop
      vertex -48.1262 8.45236 6.8
      vertex -48.1262 -8.45236 6.8
      vertex -47.3205 -10 6.8
    endloop
  endfacet
  facet normal -0 0 1
    outer loop
      vertex -48.7939 6.8404 6.8
      vertex -48.1262 -8.45236 6.8
      vertex -48.1262 8.45236 6.8
    endloop
  endfacet
  facet normal 0 0 1
    outer loop
      vertex -48.7939 6.8404 6.8
      vertex -48.7939 -6.8404 6.8
      vertex -48.1262 -8.45236 6.8
    endloop
  endfacet
  facet normal -0 0 1
    outer loop
      vertex -49.3185 5.17638 6.8
      vertex -48.7939 -6.8404 6.8
      vertex -48.7939 6.8404 6.8
    endloop
  endfacet
  facet normal 0 0 1
    outer loop
      vertex -49.3185 5.17638 6.8
      vertex -49.3185 -5.17638 6.8
      vertex -48.7939 -6.8404 6.8
    endloop
  endfacet
  facet normal -0 0 1
    outer loop
      vertex -49.6962 3.47296 6.8
      vertex -49.3185 -5.17638 6.8
      vertex -49.3185 5.17638 6.8
    endloop
  endfacet
  facet normal 0 0 1
    outer loop
      vertex -49.6962 3.47296 6.8
      vertex -49.6962 -3.47296 6.8
      vertex -49.3185 -5.17638 6.8
    endloop
  endfacet
  facet normal -0 0 1
    outer loop
      vertex -49.9239 1.74311 6.8
      vertex -49.6962 -3.47296 6.8
      vertex -49.6962 3.47296 6.8
    endloop
  endfacet
  facet normal 0 0 1
    outer loop
      vertex -49.9239 1.74311 6.8
      vertex -49.9239 -1.74311 6.8
      vertex -49.6962 -3.47296 6.8
    endloop
  endfacet
  facet normal 0 -0 1
    outer loop
      vertex -49.9239 -1.74311 6.8
      vertex -49.9239 1.74311 6.8
      vertex -50 0 6.8
    endloop
  endfacet
  facet normal 0.886999 -0.461771 0
    outer loop
      vertex -48.1262 8.45236 10
      vertex -47.3205 10 6.8
      vertex -47.3205 10 10
    endloop
  endfacet
  facet normal 0.886999 -0.461771 0
    outer loop
      vertex -47.3205 10 6.8
      vertex -48.1262 8.45236 10
      vertex -48.1262 8.45236 6.8
    endloop
  endfacet
  facet normal 0.793384 -0.608721 0
    outer loop
      vertex -46.383 11.4715 10
      vertex -45.3209 12.8558 6.8
      vertex -45.3209 12.8558 10
    endloop
  endfacet
  facet normal 0.793384 -0.608721 0
    outer loop
      vertex -45.3209 12.8558 6.8
      vertex -46.383 11.4715 10
      vertex -46.383 11.4715 6.8
    endloop
  endfacet
  facet normal 0.1305 -0.991448 0
    outer loop
      vertex 26.527 19.6962 6.8
      vertex 28.2569 19.9239 10
      vertex 26.527 19.6962 10
    endloop
  endfacet
  facet normal 0.1305 -0.991448 0
    outer loop
      vertex 28.2569 19.9239 10
      vertex 26.527 19.6962 6.8
      vertex 28.2569 19.9239 6.8
    endloop
  endfacet
  facet normal -0.991448 -0.130504 0
    outer loop
      vertex 49.9239 1.74311 6.8
      vertex 49.6962 3.47296 10
      vertex 49.6962 3.47296 6.8
    endloop
  endfacet
  facet normal -0.991448 -0.130504 0
    outer loop
      vertex 49.6962 3.47296 10
      vertex 49.9239 1.74311 6.8
      vertex 49.9239 1.74311 10
    endloop
  endfacet
  facet normal -0.999048 -0.0436161 0
    outer loop
      vertex 50 0 6.8
      vertex 49.9239 1.74311 10
      vertex 49.9239 1.74311 6.8
    endloop
  endfacet
  facet normal -0.999048 -0.0436161 0
    outer loop
      vertex 49.9239 1.74311 10
      vertex 50 0 6.8
      vertex 50 0 10
    endloop
  endfacet
  facet normal -0.999048 0.0436161 0
    outer loop
      vertex 49.9239 -1.74311 6.8
      vertex 50 0 10
      vertex 50 0 6.8
    endloop
  endfacet
  facet normal -0.999048 0.0436161 0
    outer loop
      vertex 50 0 10
      vertex 49.9239 -1.74311 6.8
      vertex 49.9239 -1.74311 10
    endloop
  endfacet
  facet normal -0.737242 0.675629 0
    outer loop
      vertex 44.1421 -14.1421 6.8
      vertex 45.3209 -12.8558 10
      vertex 45.3209 -12.8558 6.8
    endloop
  endfacet
  facet normal -0.737242 0.675629 0
    outer loop
      vertex 45.3209 -12.8558 10
      vertex 44.1421 -14.1421 6.8
      vertex 44.1421 -14.1421 10
    endloop
  endfacet
  facet normal -0.300676 -0.953726 0
    outer loop
      vertex 35.1764 19.3185 6.8
      vertex 36.8404 18.7939 10
      vertex 35.1764 19.3185 10
    endloop
  endfacet
  facet normal -0.300676 -0.953726 -0
    outer loop
      vertex 36.8404 18.7939 10
      vertex 35.1764 19.3185 6.8
      vertex 36.8404 18.7939 6.8
    endloop
  endfacet
  facet normal -0.793384 -0.608721 0
    outer loop
      vertex 46.383 11.4715 6.8
      vertex 45.3209 12.8558 10
      vertex 45.3209 12.8558 6.8
    endloop
  endfacet
  facet normal -0.793384 -0.608721 0
    outer loop
      vertex 45.3209 12.8558 10
      vertex 46.383 11.4715 6.8
      vertex 46.383 11.4715 10
    endloop
  endfacet
  facet normal -0.53732 -0.843378 0
    outer loop
      vertex 40 17.3205 6.8
      vertex 41.4715 16.383 10
      vertex 40 17.3205 10
    endloop
  endfacet
  facet normal -0.53732 -0.843378 -0
    outer loop
      vertex 41.4715 16.383 10
      vertex 40 17.3205 6.8
      vertex 41.4715 16.383 6.8
    endloop
  endfacet
  facet normal -0.843378 0.53732 0
    outer loop
      vertex 46.383 -11.4715 6.8
      vertex 47.3205 -10 10
      vertex 47.3205 -10 6.8
    endloop
  endfacet
  facet normal -0.843378 0.53732 0
    outer loop
      vertex 47.3205 -10 10
      vertex 46.383 -11.4715 6.8
      vertex 46.383 -11.4715 10
    endloop
  endfacet
  facet normal 0.923879 -0.382686 0
    outer loop
      vertex 11.2061 6.8404 10
      vertex 11.8738 8.45236 6.8
      vertex 11.8738 8.45236 10
    endloop
  endfacet
  facet normal 0.923879 -0.382686 0
    outer loop
      vertex 11.8738 8.45236 6.8
      vertex 11.2061 6.8404 10
      vertex 11.2061 6.8404 6.8
    endloop
  endfacet
  facet normal 0.886999 -0.461771 0
    outer loop
      vertex 11.8738 8.45236 10
      vertex 12.6795 10 6.8
      vertex 12.6795 10 10
    endloop
  endfacet
  facet normal 0.886999 -0.461771 0
    outer loop
      vertex 12.6795 10 6.8
      vertex 11.8738 8.45236 10
      vertex 11.8738 8.45236 6.8
    endloop
  endfacet
  facet normal -0.0436163 0.999048 0
    outer loop
      vertex 31.7431 -19.9239 6.8
      vertex 30 -20 10
      vertex 31.7431 -19.9239 10
    endloop
  endfacet
  facet normal -0.0436163 0.999048 0
    outer loop
      vertex 30 -20 10
      vertex 31.7431 -19.9239 6.8
      vertex 30 -20 6.8
    endloop
  endfacet
  facet normal 0.216475 0.976288 -0
    outer loop
      vertex 26.527 -19.6962 6.8
      vertex 24.8236 -19.3185 10
      vertex 26.527 -19.6962 10
    endloop
  endfacet
  facet normal 0.216475 0.976288 0
    outer loop
      vertex 24.8236 -19.3185 10
      vertex 26.527 -19.6962 6.8
      vertex 24.8236 -19.3185 6.8
    endloop
  endfacet
  facet normal -0.46178 -0.886994 0
    outer loop
      vertex 38.4524 18.1262 6.8
      vertex 40 17.3205 10
      vertex 38.4524 18.1262 10
    endloop
  endfacet
  facet normal -0.46178 -0.886994 -0
    outer loop
      vertex 40 17.3205 10
      vertex 38.4524 18.1262 6.8
      vertex 40 17.3205 6.8
    endloop
  endfacet
  facet normal 0.953727 -0.300673 0
    outer loop
      vertex 10.6815 5.17638 10
      vertex 11.2061 6.8404 6.8
      vertex 11.2061 6.8404 10
    endloop
  endfacet
  facet normal 0.953727 -0.300673 0
    outer loop
      vertex 11.2061 6.8404 6.8
      vertex 10.6815 5.17638 10
      vertex 10.6815 5.17638 6.8
    endloop
  endfacet
  facet normal -0.991448 0.130504 0
    outer loop
      vertex 49.6962 -3.47296 6.8
      vertex 49.9239 -1.74311 10
      vertex 49.9239 -1.74311 6.8
    endloop
  endfacet
  facet normal -0.991448 0.130504 0
    outer loop
      vertex 49.9239 -1.74311 10
      vertex 49.6962 -3.47296 6.8
      vertex 49.6962 -3.47296 10
    endloop
  endfacet
  facet normal 0 0 1
    outer loop
      vertex 49.9239 1.74311 6.8
      vertex 49.9239 -1.74311 6.8
      vertex 50 0 6.8
    endloop
  endfacet
  facet normal 0 0 1
    outer loop
      vertex 49.6962 3.47296 6.8
      vertex 49.9239 -1.74311 6.8
      vertex 49.9239 1.74311 6.8
    endloop
  endfacet
  facet normal 0 0 1
    outer loop
      vertex 49.6962 3.47296 6.8
      vertex 49.6962 -3.47296 6.8
      vertex 49.9239 -1.74311 6.8
    endloop
  endfacet
  facet normal 0 0 1
    outer loop
      vertex 49.3185 5.17638 6.8
      vertex 49.6962 -3.47296 6.8
      vertex 49.6962 3.47296 6.8
    endloop
  endfacet
  facet normal 0 0 1
    outer loop
      vertex 49.3185 5.17638 6.8
      vertex 49.3185 -5.17638 6.8
      vertex 49.6962 -3.47296 6.8
    endloop
  endfacet
  facet normal 0 0 1
    outer loop
      vertex 48.7939 6.8404 6.8
      vertex 49.3185 -5.17638 6.8
      vertex 49.3185 5.17638 6.8
    endloop
  endfacet
  facet normal 0 0 1
    outer loop
      vertex 48.7939 6.8404 6.8
      vertex 48.7939 -6.8404 6.8
      vertex 49.3185 -5.17638 6.8
    endloop
  endfacet
  facet normal 0 0 1
    outer loop
      vertex 48.1262 8.45236 6.8
      vertex 48.7939 -6.8404 6.8
      vertex 48.7939 6.8404 6.8
    endloop
  endfacet
  facet normal 0 0 1
    outer loop
      vertex 48.1262 8.45236 6.8
      vertex 48.1262 -8.45236 6.8
      vertex 48.7939 -6.8404 6.8
    endloop
  endfacet
  facet normal 0 0 1
    outer loop
      vertex 47.3205 10 6.8
      vertex 48.1262 -8.45236 6.8
      vertex 48.1262 8.45236 6.8
    endloop
  endfacet
  facet normal 0 0 1
    outer loop
      vertex 47.3205 10 6.8
      vertex 47.3205 -10 6.8
      vertex 48.1262 -8.45236 6.8
    endloop
  endfacet
  facet normal 0 0 1
    outer loop
      vertex 46.383 11.4715 6.8
      vertex 47.3205 -10 6.8
      vertex 47.3205 10 6.8
    endloop
  endfacet
  facet normal 0 0 1
    outer loop
      vertex 46.383 11.4715 6.8
      vertex 46.383 -11.4715 6.8
      vertex 47.3205 -10 6.8
    endloop
  endfacet
  facet normal 0 0 1
    outer loop
      vertex 45.3209 12.8558 6.8
      vertex 46.383 -11.4715 6.8
      vertex 46.383 11.4715 6.8
    endloop
  endfacet
  facet normal 0 0 1
    outer loop
      vertex 45.3209 12.8558 6.8
      vertex 45.3209 -12.8558 6.8
      vertex 46.383 -11.4715 6.8
    endloop
  endfacet
  facet normal 0 0 1
    outer loop
      vertex 44.1421 14.1421 6.8
      vertex 45.3209 -12.8558 6.8
      vertex 45.3209 12.8558 6.8
    endloop
  endfacet
  facet normal 0 0 1
    outer loop
      vertex 44.1421 14.1421 6.8
      vertex 44.1421 -14.1421 6.8
      vertex 45.3209 -12.8558 6.8
    endloop
  endfacet
  facet normal 0 0 1
    outer loop
      vertex 42.8558 15.3209 6.8
      vertex 44.1421 -14.1421 6.8
      vertex 44.1421 14.1421 6.8
    endloop
  endfacet
  facet normal 0 0 1
    outer loop
      vertex 42.8558 15.3209 6.8
      vertex 42.8558 -15.3209 6.8
      vertex 44.1421 -14.1421 6.8
    endloop
  endfacet
  facet normal 0 0 1
    outer loop
      vertex 41.4715 16.383 6.8
      vertex 42.8558 -15.3209 6.8
      vertex 42.8558 15.3209 6.8
    endloop
  endfacet
  facet normal 0 0 1
    outer loop
      vertex 41.4715 16.383 6.8
      vertex 41.4715 -16.383 6.8
      vertex 42.8558 -15.3209 6.8
    endloop
  endfacet
  facet normal 0 0 1
    outer loop
      vertex 40 17.3205 6.8
      vertex 41.4715 -16.383 6.8
      vertex 41.4715 16.383 6.8
    endloop
  endfacet
  facet normal 0 0 1
    outer loop
      vertex 40 17.3205 6.8
      vertex 40 -17.3205 6.8
      vertex 41.4715 -16.383 6.8
    endloop
  endfacet
  facet normal 0 0 1
    outer loop
      vertex 38.4524 18.1262 6.8
      vertex 40 -17.3205 6.8
      vertex 40 17.3205 6.8
    endloop
  endfacet
  facet normal 0 0 1
    outer loop
      vertex 38.4524 18.1262 6.8
      vertex 38.4524 -18.1262 6.8
      vertex 40 -17.3205 6.8
    endloop
  endfacet
  facet normal 0 0 1
    outer loop
      vertex 36.8404 18.7939 6.8
      vertex 38.4524 -18.1262 6.8
      vertex 38.4524 18.1262 6.8
    endloop
  endfacet
  facet normal 0 0 1
    outer loop
      vertex 36.8404 18.7939 6.8
      vertex 36.8404 -18.7939 6.8
      vertex 38.4524 -18.1262 6.8
    endloop
  endfacet
  facet normal 0 0 1
    outer loop
      vertex 35.1764 19.3185 6.8
      vertex 36.8404 -18.7939 6.8
      vertex 36.8404 18.7939 6.8
    endloop
  endfacet
  facet normal 0 0 1
    outer loop
      vertex 35.1764 19.3185 6.8
      vertex 35.1764 -19.3185 6.8
      vertex 36.8404 -18.7939 6.8
    endloop
  endfacet
  facet normal 0 0 1
    outer loop
      vertex 33.473 19.6962 6.8
      vertex 35.1764 -19.3185 6.8
      vertex 35.1764 19.3185 6.8
    endloop
  endfacet
  facet normal 0 0 1
    outer loop
      vertex 33.473 19.6962 6.8
      vertex 33.473 -19.6962 6.8
      vertex 35.1764 -19.3185 6.8
    endloop
  endfacet
  facet normal 0 0 1
    outer loop
      vertex 31.7431 19.9239 6.8
      vertex 33.473 -19.6962 6.8
      vertex 33.473 19.6962 6.8
    endloop
  endfacet
  facet normal 0 0 1
    outer loop
      vertex 31.7431 19.9239 6.8
      vertex 31.7431 -19.9239 6.8
      vertex 33.473 -19.6962 6.8
    endloop
  endfacet
  facet normal 0 0 1
    outer loop
      vertex 30 20 6.8
      vertex 31.7431 -19.9239 6.8
      vertex 31.7431 19.9239 6.8
    endloop
  endfacet
  facet normal 0 0 1
    outer loop
      vertex 30 20 6.8
      vertex 30 -20 6.8
      vertex 31.7431 -19.9239 6.8
    endloop
  endfacet
  facet normal -0 0 1
    outer loop
      vertex 28.2569 19.9239 6.8
      vertex 30 -20 6.8
      vertex 30 20 6.8
    endloop
  endfacet
  facet normal 0 0 1
    outer loop
      vertex 28.2569 19.9239 6.8
      vertex 28.2569 -19.9239 6.8
      vertex 30 -20 6.8
    endloop
  endfacet
  facet normal -0 0 1
    outer loop
      vertex 26.527 19.6962 6.8
      vertex 28.2569 -19.9239 6.8
      vertex 28.2569 19.9239 6.8
    endloop
  endfacet
  facet normal 0 0 1
    outer loop
      vertex 26.527 19.6962 6.8
      vertex 26.527 -19.6962 6.8
      vertex 28.2569 -19.9239 6.8
    endloop
  endfacet
  facet normal -0 0 1
    outer loop
      vertex 24.8236 19.3185 6.8
      vertex 26.527 -19.6962 6.8
      vertex 26.527 19.6962 6.8
    endloop
  endfacet
  facet normal 0 0 1
    outer loop
      vertex 24.8236 19.3185 6.8
      vertex 24.8236 -19.3185 6.8
      vertex 26.527 -19.6962 6.8
    endloop
  endfacet
  facet normal -0 0 1
    outer loop
      vertex 23.1596 18.7939 6.8
      vertex 24.8236 -19.3185 6.8
      vertex 24.8236 19.3185 6.8
    endloop
  endfacet
  facet normal 0 0 1
    outer loop
      vertex 23.1596 18.7939 6.8
      vertex 23.1596 -18.7939 6.8
      vertex 24.8236 -19.3185 6.8
    endloop
  endfacet
  facet normal -0 0 1
    outer loop
      vertex 21.5476 18.1262 6.8
      vertex 23.1596 -18.7939 6.8
      vertex 23.1596 18.7939 6.8
    endloop
  endfacet
  facet normal 0 0 1
    outer loop
      vertex 21.5476 18.1262 6.8
      vertex 21.5476 -18.1262 6.8
      vertex 23.1596 -18.7939 6.8
    endloop
  endfacet
  facet normal -0 0 1
    outer loop
      vertex 20 17.3205 6.8
      vertex 21.5476 -18.1262 6.8
      vertex 21.5476 18.1262 6.8
    endloop
  endfacet
  facet normal 0 0 1
    outer loop
      vertex 20 17.3205 6.8
      vertex 20 -17.3205 6.8
      vertex 21.5476 -18.1262 6.8
    endloop
  endfacet
  facet normal -0 0 1
    outer loop
      vertex 18.5285 16.383 6.8
      vertex 20 -17.3205 6.8
      vertex 20 17.3205 6.8
    endloop
  endfacet
  facet normal 0 0 1
    outer loop
      vertex 18.5285 16.383 6.8
      vertex 18.5285 -16.383 6.8
      vertex 20 -17.3205 6.8
    endloop
  endfacet
  facet normal -0 0 1
    outer loop
      vertex 17.1442 15.3209 6.8
      vertex 18.5285 -16.383 6.8
      vertex 18.5285 16.383 6.8
    endloop
  endfacet
  facet normal 0 0 1
    outer loop
      vertex 17.1442 15.3209 6.8
      vertex 17.1442 -15.3209 6.8
      vertex 18.5285 -16.383 6.8
    endloop
  endfacet
  facet normal -0 0 1
    outer loop
      vertex 15.8579 14.1421 6.8
      vertex 17.1442 -15.3209 6.8
      vertex 17.1442 15.3209 6.8
    endloop
  endfacet
  facet normal 0 0 1
    outer loop
      vertex 15.8579 14.1421 6.8
      vertex 15.8579 -14.1421 6.8
      vertex 17.1442 -15.3209 6.8
    endloop
  endfacet
  facet normal -0 0 1
    outer loop
      vertex 14.6791 12.8558 6.8
      vertex 15.8579 -14.1421 6.8
      vertex 15.8579 14.1421 6.8
    endloop
  endfacet
  facet normal 0 0 1
    outer loop
      vertex 14.6791 12.8558 6.8
      vertex 14.6791 -12.8558 6.8
      vertex 15.8579 -14.1421 6.8
    endloop
  endfacet
  facet normal -0 0 1
    outer loop
      vertex 13.617 11.4715 6.8
      vertex 14.6791 -12.8558 6.8
      vertex 14.6791 12.8558 6.8
    endloop
  endfacet
  facet normal 0 0 1
    outer loop
      vertex 13.617 11.4715 6.8
      vertex 13.617 -11.4715 6.8
      vertex 14.6791 -12.8558 6.8
    endloop
  endfacet
  facet normal -0 0 1
    outer loop
      vertex 12.6795 10 6.8
      vertex 13.617 -11.4715 6.8
      vertex 13.617 11.4715 6.8
    endloop
  endfacet
  facet normal 0 0 1
    outer loop
      vertex 12.6795 10 6.8
      vertex 12.6795 -10 6.8
      vertex 13.617 -11.4715 6.8
    endloop
  endfacet
  facet normal -0 0 1
    outer loop
      vertex 11.8738 8.45236 6.8
      vertex 12.6795 -10 6.8
      vertex 12.6795 10 6.8
    endloop
  endfacet
  facet normal 0 0 1
    outer loop
      vertex 11.8738 8.45236 6.8
      vertex 11.8738 -8.45236 6.8
      vertex 12.6795 -10 6.8
    endloop
  endfacet
  facet normal -0 0 1
    outer loop
      vertex 11.2061 6.8404 6.8
      vertex 11.8738 -8.45236 6.8
      vertex 11.8738 8.45236 6.8
    endloop
  endfacet
  facet normal 0 0 1
    outer loop
      vertex 11.2061 6.8404 6.8
      vertex 11.2061 -6.8404 6.8
      vertex 11.8738 -8.45236 6.8
    endloop
  endfacet
  facet normal -0 0 1
    outer loop
      vertex 10.6815 5.17638 6.8
      vertex 11.2061 -6.8404 6.8
      vertex 11.2061 6.8404 6.8
    endloop
  endfacet
  facet normal 0 0 1
    outer loop
      vertex 10.6815 5.17638 6.8
      vertex 10.6815 -5.17638 6.8
      vertex 11.2061 -6.8404 6.8
    endloop
  endfacet
  facet normal -0 0 1
    outer loop
      vertex 10.3038 3.47296 6.8
      vertex 10.6815 -5.17638 6.8
      vertex 10.6815 5.17638 6.8
    endloop
  endfacet
  facet normal 0 0 1
    outer loop
      vertex 10.3038 3.47296 6.8
      vertex 10.3038 -3.47296 6.8
      vertex 10.6815 -5.17638 6.8
    endloop
  endfacet
  facet normal -0 0 1
    outer loop
      vertex 10.0761 1.74311 6.8
      vertex 10.3038 -3.47296 6.8
      vertex 10.3038 3.47296 6.8
    endloop
  endfacet
  facet normal 0 0 1
    outer loop
      vertex 10.0761 1.74311 6.8
      vertex 10.0761 -1.74311 6.8
      vertex 10.3038 -3.47296 6.8
    endloop
  endfacet
  facet normal 0 -0 1
    outer loop
      vertex 10.0761 -1.74311 6.8
      vertex 10.0761 1.74311 6.8
      vertex 10 0 6.8
    endloop
  endfacet
  facet normal 0.953727 0.300673 0
    outer loop
      vertex 11.2061 -6.8404 10
      vertex 10.6815 -5.17638 6.8
      vertex 10.6815 -5.17638 10
    endloop
  endfacet
  facet normal 0.953727 0.300673 0
    outer loop
      vertex 10.6815 -5.17638 6.8
      vertex 11.2061 -6.8404 10
      vertex 11.2061 -6.8404 6.8
    endloop
  endfacet
  facet normal -0.300676 0.953726 0
    outer loop
      vertex 36.8404 -18.7939 6.8
      vertex 35.1764 -19.3185 10
      vertex 36.8404 -18.7939 10
    endloop
  endfacet
  facet normal -0.300676 0.953726 0
    outer loop
      vertex 35.1764 -19.3185 10
      vertex 36.8404 -18.7939 6.8
      vertex 35.1764 -19.3185 6.8
    endloop
  endfacet
  facet normal -0.886999 -0.461771 0
    outer loop
      vertex 48.1262 8.45236 6.8
      vertex 47.3205 10 10
      vertex 47.3205 10 6.8
    endloop
  endfacet
  facet normal -0.886999 -0.461771 0
    outer loop
      vertex 47.3205 10 10
      vertex 48.1262 8.45236 6.8
      vertex 48.1262 8.45236 10
    endloop
  endfacet
  facet normal 0.53732 -0.843378 0
    outer loop
      vertex 18.5285 16.383 6.8
      vertex 20 17.3205 10
      vertex 18.5285 16.383 10
    endloop
  endfacet
  facet normal 0.53732 -0.843378 0
    outer loop
      vertex 20 17.3205 10
      vertex 18.5285 16.383 6.8
      vertex 20 17.3205 6.8
    endloop
  endfacet
  facet normal 0.216475 -0.976288 0
    outer loop
      vertex 24.8236 19.3185 6.8
      vertex 26.527 19.6962 10
      vertex 24.8236 19.3185 10
    endloop
  endfacet
  facet normal 0.216475 -0.976288 0
    outer loop
      vertex 26.527 19.6962 10
      vertex 24.8236 19.3185 6.8
      vertex 26.527 19.6962 6.8
    endloop
  endfacet
  facet normal -0.216475 0.976288 0
    outer loop
      vertex 35.1764 -19.3185 6.8
      vertex 33.473 -19.6962 10
      vertex 35.1764 -19.3185 10
    endloop
  endfacet
  facet normal -0.216475 0.976288 0
    outer loop
      vertex 33.473 -19.6962 10
      vertex 35.1764 -19.3185 6.8
      vertex 33.473 -19.6962 6.8
    endloop
  endfacet
  facet normal 0.843378 -0.53732 0
    outer loop
      vertex 12.6795 10 10
      vertex 13.617 11.4715 6.8
      vertex 13.617 11.4715 10
    endloop
  endfacet
  facet normal 0.843378 -0.53732 0
    outer loop
      vertex 13.617 11.4715 6.8
      vertex 12.6795 10 10
      vertex 12.6795 10 6.8
    endloop
  endfacet
  facet normal -0.382677 -0.923882 0
    outer loop
      vertex 36.8404 18.7939 6.8
      vertex 38.4524 18.1262 10
      vertex 36.8404 18.7939 10
    endloop
  endfacet
  facet normal -0.382677 -0.923882 -0
    outer loop
      vertex 38.4524 18.1262 10
      vertex 36.8404 18.7939 6.8
      vertex 38.4524 18.1262 6.8
    endloop
  endfacet
  facet normal -0.1305 -0.991448 0
    outer loop
      vertex 31.7431 19.9239 6.8
      vertex 33.473 19.6962 10
      vertex 31.7431 19.9239 10
    endloop
  endfacet
  facet normal -0.1305 -0.991448 -0
    outer loop
      vertex 33.473 19.6962 10
      vertex 31.7431 19.9239 6.8
      vertex 33.473 19.6962 6.8
    endloop
  endfacet
  facet normal 0.675629 0.737242 -0
    outer loop
      vertex 17.1442 -15.3209 6.8
      vertex 15.8579 -14.1421 10
      vertex 17.1442 -15.3209 10
    endloop
  endfacet
  facet normal 0.675629 0.737242 0
    outer loop
      vertex 15.8579 -14.1421 10
      vertex 17.1442 -15.3209 6.8
      vertex 15.8579 -14.1421 6.8
    endloop
  endfacet
  facet normal -0.976289 -0.216473 0
    outer loop
      vertex 49.6962 3.47296 6.8
      vertex 49.3185 5.17638 10
      vertex 49.3185 5.17638 6.8
    endloop
  endfacet
  facet normal -0.976289 -0.216473 0
    outer loop
      vertex 49.3185 5.17638 10
      vertex 49.6962 3.47296 6.8
      vertex 49.6962 3.47296 10
    endloop
  endfacet
  facet normal 0.300676 -0.953726 0
    outer loop
      vertex 23.1596 18.7939 6.8
      vertex 24.8236 19.3185 10
      vertex 23.1596 18.7939 10
    endloop
  endfacet
  facet normal 0.300676 -0.953726 0
    outer loop
      vertex 24.8236 19.3185 10
      vertex 23.1596 18.7939 6.8
      vertex 24.8236 19.3185 6.8
    endloop
  endfacet
  facet normal 0.46178 -0.886994 0
    outer loop
      vertex 20 17.3205 6.8
      vertex 21.5476 18.1262 10
      vertex 20 17.3205 10
    endloop
  endfacet
  facet normal 0.46178 -0.886994 0
    outer loop
      vertex 21.5476 18.1262 10
      vertex 20 17.3205 6.8
      vertex 21.5476 18.1262 6.8
    endloop
  endfacet
  facet normal 0.382677 -0.923882 0
    outer loop
      vertex 21.5476 18.1262 6.8
      vertex 23.1596 18.7939 10
      vertex 21.5476 18.1262 10
    endloop
  endfacet
  facet normal 0.382677 -0.923882 0
    outer loop
      vertex 23.1596 18.7939 10
      vertex 21.5476 18.1262 6.8
      vertex 23.1596 18.7939 6.8
    endloop
  endfacet
  facet normal -0.53732 0.843378 0
    outer loop
      vertex 41.4715 -16.383 6.8
      vertex 40 -17.3205 10
      vertex 41.4715 -16.383 10
    endloop
  endfacet
  facet normal -0.53732 0.843378 0
    outer loop
      vertex 40 -17.3205 10
      vertex 41.4715 -16.383 6.8
      vertex 40 -17.3205 6.8
    endloop
  endfacet
  facet normal -0.843378 -0.53732 0
    outer loop
      vertex 47.3205 10 6.8
      vertex 46.383 11.4715 10
      vertex 46.383 11.4715 6.8
    endloop
  endfacet
  facet normal -0.843378 -0.53732 0
    outer loop
      vertex 46.383 11.4715 10
      vertex 47.3205 10 6.8
      vertex 47.3205 10 10
    endloop
  endfacet
  facet normal 0.976289 -0.216473 0
    outer loop
      vertex 10.3038 3.47296 10
      vertex 10.6815 5.17638 6.8
      vertex 10.6815 5.17638 10
    endloop
  endfacet
  facet normal 0.976289 -0.216473 0
    outer loop
      vertex 10.6815 5.17638 6.8
      vertex 10.3038 3.47296 10
      vertex 10.3038 3.47296 6.8
    endloop
  endfacet
  facet normal -0.46178 0.886994 0
    outer loop
      vertex 40 -17.3205 6.8
      vertex 38.4524 -18.1262 10
      vertex 40 -17.3205 10
    endloop
  endfacet
  facet normal -0.46178 0.886994 0
    outer loop
      vertex 38.4524 -18.1262 10
      vertex 40 -17.3205 6.8
      vertex 38.4524 -18.1262 6.8
    endloop
  endfacet
  facet normal 0.608721 -0.793384 0
    outer loop
      vertex 17.1442 15.3209 6.8
      vertex 18.5285 16.383 10
      vertex 17.1442 15.3209 10
    endloop
  endfacet
  facet normal 0.608721 -0.793384 0
    outer loop
      vertex 18.5285 16.383 10
      vertex 17.1442 15.3209 6.8
      vertex 18.5285 16.383 6.8
    endloop
  endfacet
  facet normal -0.608721 -0.793384 0
    outer loop
      vertex 41.4715 16.383 6.8
      vertex 42.8558 15.3209 10
      vertex 41.4715 16.383 10
    endloop
  endfacet
  facet normal -0.608721 -0.793384 -0
    outer loop
      vertex 42.8558 15.3209 10
      vertex 41.4715 16.383 6.8
      vertex 42.8558 15.3209 6.8
    endloop
  endfacet
  facet normal -0.675629 -0.737242 0
    outer loop
      vertex 42.8558 15.3209 6.8
      vertex 44.1421 14.1421 10
      vertex 42.8558 15.3209 10
    endloop
  endfacet
  facet normal -0.675629 -0.737242 -0
    outer loop
      vertex 44.1421 14.1421 10
      vertex 42.8558 15.3209 6.8
      vertex 44.1421 14.1421 6.8
    endloop
  endfacet
  facet normal -0.923879 -0.382686 0
    outer loop
      vertex 48.7939 6.8404 6.8
      vertex 48.1262 8.45236 10
      vertex 48.1262 8.45236 6.8
    endloop
  endfacet
  facet normal -0.923879 -0.382686 0
    outer loop
      vertex 48.1262 8.45236 10
      vertex 48.7939 6.8404 6.8
      vertex 48.7939 6.8404 10
    endloop
  endfacet
  facet normal 0.675629 -0.737242 0
    outer loop
      vertex 15.8579 14.1421 6.8
      vertex 17.1442 15.3209 10
      vertex 15.8579 14.1421 10
    endloop
  endfacet
  facet normal 0.675629 -0.737242 0
    outer loop
      vertex 17.1442 15.3209 10
      vertex 15.8579 14.1421 6.8
      vertex 17.1442 15.3209 6.8
    endloop
  endfacet
  facet normal -0.737242 -0.675629 0
    outer loop
      vertex 45.3209 12.8558 6.8
      vertex 44.1421 14.1421 10
      vertex 44.1421 14.1421 6.8
    endloop
  endfacet
  facet normal -0.737242 -0.675629 0
    outer loop
      vertex 44.1421 14.1421 10
      vertex 45.3209 12.8558 6.8
      vertex 45.3209 12.8558 10
    endloop
  endfacet
  facet normal 0.0436163 0.999048 -0
    outer loop
      vertex 30 -20 6.8
      vertex 28.2569 -19.9239 10
      vertex 30 -20 10
    endloop
  endfacet
  facet normal 0.0436163 0.999048 0
    outer loop
      vertex 28.2569 -19.9239 10
      vertex 30 -20 6.8
      vertex 28.2569 -19.9239 6.8
    endloop
  endfacet
  facet normal -0.0436163 -0.999048 0
    outer loop
      vertex 30 20 6.8
      vertex 31.7431 19.9239 10
      vertex 30 20 10
    endloop
  endfacet
  facet normal -0.0436163 -0.999048 -0
    outer loop
      vertex 31.7431 19.9239 10
      vertex 30 20 6.8
      vertex 31.7431 19.9239 6.8
    endloop
  endfacet
  facet normal 0.382677 0.923882 -0
    outer loop
      vertex 23.1596 -18.7939 6.8
      vertex 21.5476 -18.1262 10
      vertex 23.1596 -18.7939 10
    endloop
  endfacet
  facet normal 0.382677 0.923882 0
    outer loop
      vertex 21.5476 -18.1262 10
      vertex 23.1596 -18.7939 6.8
      vertex 21.5476 -18.1262 6.8
    endloop
  endfacet
  facet normal -0.953727 0.300673 0
    outer loop
      vertex 48.7939 -6.8404 6.8
      vertex 49.3185 -5.17638 10
      vertex 49.3185 -5.17638 6.8
    endloop
  endfacet
  facet normal -0.953727 0.300673 0
    outer loop
      vertex 49.3185 -5.17638 10
      vertex 48.7939 -6.8404 6.8
      vertex 48.7939 -6.8404 10
    endloop
  endfacet
  facet normal 0.793384 -0.608721 0
    outer loop
      vertex 13.617 11.4715 10
      vertex 14.6791 12.8558 6.8
      vertex 14.6791 12.8558 10
    endloop
  endfacet
  facet normal 0.793384 -0.608721 0
    outer loop
      vertex 14.6791 12.8558 6.8
      vertex 13.617 11.4715 10
      vertex 13.617 11.4715 6.8
    endloop
  endfacet
  facet normal -0.1305 0.991448 0
    outer loop
      vertex 33.473 -19.6962 6.8
      vertex 31.7431 -19.9239 10
      vertex 33.473 -19.6962 10
    endloop
  endfacet
  facet normal -0.1305 0.991448 0
    outer loop
      vertex 31.7431 -19.9239 10
      vertex 33.473 -19.6962 6.8
      vertex 31.7431 -19.9239 6.8
    endloop
  endfacet
  facet normal 0.886999 0.461771 0
    outer loop
      vertex 12.6795 -10 10
      vertex 11.8738 -8.45236 6.8
      vertex 11.8738 -8.45236 10
    endloop
  endfacet
  facet normal 0.886999 0.461771 0
    outer loop
      vertex 11.8738 -8.45236 6.8
      vertex 12.6795 -10 10
      vertex 12.6795 -10 6.8
    endloop
  endfacet
  facet normal 0.999048 0.0436161 0
    outer loop
      vertex 10.0761 -1.74311 10
      vertex 10 0 6.8
      vertex 10 0 10
    endloop
  endfacet
  facet normal 0.999048 0.0436161 0
    outer loop
      vertex 10 0 6.8
      vertex 10.0761 -1.74311 10
      vertex 10.0761 -1.74311 6.8
    endloop
  endfacet
  facet normal 0.737242 -0.675629 0
    outer loop
      vertex 14.6791 12.8558 10
      vertex 15.8579 14.1421 6.8
      vertex 15.8579 14.1421 10
    endloop
  endfacet
  facet normal 0.737242 -0.675629 0
    outer loop
      vertex 15.8579 14.1421 6.8
      vertex 14.6791 12.8558 10
      vertex 14.6791 12.8558 6.8
    endloop
  endfacet
  facet normal 0.1305 0.991448 -0
    outer loop
      vertex 28.2569 -19.9239 6.8
      vertex 26.527 -19.6962 10
      vertex 28.2569 -19.9239 10
    endloop
  endfacet
  facet normal 0.1305 0.991448 0
    outer loop
      vertex 26.527 -19.6962 10
      vertex 28.2569 -19.9239 6.8
      vertex 26.527 -19.6962 6.8
    endloop
  endfacet
  facet normal 0.976289 0.216473 0
    outer loop
      vertex 10.6815 -5.17638 10
      vertex 10.3038 -3.47296 6.8
      vertex 10.3038 -3.47296 10
    endloop
  endfacet
  facet normal 0.976289 0.216473 0
    outer loop
      vertex 10.3038 -3.47296 6.8
      vertex 10.6815 -5.17638 10
      vertex 10.6815 -5.17638 6.8
    endloop
  endfacet
  facet normal -0.793384 0.608721 0
    outer loop
      vertex 45.3209 -12.8558 6.8
      vertex 46.383 -11.4715 10
      vertex 46.383 -11.4715 6.8
    endloop
  endfacet
  facet normal -0.793384 0.608721 0
    outer loop
      vertex 46.383 -11.4715 10
      vertex 45.3209 -12.8558 6.8
      vertex 45.3209 -12.8558 10
    endloop
  endfacet
  facet normal 0.53732 0.843378 -0
    outer loop
      vertex 20 -17.3205 6.8
      vertex 18.5285 -16.383 10
      vertex 20 -17.3205 10
    endloop
  endfacet
  facet normal 0.53732 0.843378 0
    outer loop
      vertex 18.5285 -16.383 10
      vertex 20 -17.3205 6.8
      vertex 18.5285 -16.383 6.8
    endloop
  endfacet
  facet normal 0.991448 -0.130504 0
    outer loop
      vertex 10.0761 1.74311 10
      vertex 10.3038 3.47296 6.8
      vertex 10.3038 3.47296 10
    endloop
  endfacet
  facet normal 0.991448 -0.130504 0
    outer loop
      vertex 10.3038 3.47296 6.8
      vertex 10.0761 1.74311 10
      vertex 10.0761 1.74311 6.8
    endloop
  endfacet
  facet normal 0.0436163 -0.999048 0
    outer loop
      vertex 28.2569 19.9239 6.8
      vertex 30 20 10
      vertex 28.2569 19.9239 10
    endloop
  endfacet
  facet normal 0.0436163 -0.999048 0
    outer loop
      vertex 30 20 10
      vertex 28.2569 19.9239 6.8
      vertex 30 20 6.8
    endloop
  endfacet
  facet normal -0.382677 0.923882 0
    outer loop
      vertex 38.4524 -18.1262 6.8
      vertex 36.8404 -18.7939 10
      vertex 38.4524 -18.1262 10
    endloop
  endfacet
  facet normal -0.382677 0.923882 0
    outer loop
      vertex 36.8404 -18.7939 10
      vertex 38.4524 -18.1262 6.8
      vertex 36.8404 -18.7939 6.8
    endloop
  endfacet
  facet normal -0.886999 0.461771 0
    outer loop
      vertex 47.3205 -10 6.8
      vertex 48.1262 -8.45236 10
      vertex 48.1262 -8.45236 6.8
    endloop
  endfacet
  facet normal -0.886999 0.461771 0
    outer loop
      vertex 48.1262 -8.45236 10
      vertex 47.3205 -10 6.8
      vertex 47.3205 -10 10
    endloop
  endfacet
  facet normal -0.953727 -0.300673 0
    outer loop
      vertex 49.3185 5.17638 6.8
      vertex 48.7939 6.8404 10
      vertex 48.7939 6.8404 6.8
    endloop
  endfacet
  facet normal -0.953727 -0.300673 0
    outer loop
      vertex 48.7939 6.8404 10
      vertex 49.3185 5.17638 6.8
      vertex 49.3185 5.17638 10
    endloop
  endfacet
  facet normal -0.923879 0.382686 0
    outer loop
      vertex 48.1262 -8.45236 6.8
      vertex 48.7939 -6.8404 10
      vertex 48.7939 -6.8404 6.8
    endloop
  endfacet
  facet normal -0.923879 0.382686 0
    outer loop
      vertex 48.7939 -6.8404 10
      vertex 48.1262 -8.45236 6.8
      vertex 48.1262 -8.45236 10
    endloop
  endfacet
  facet normal 0.843378 0.53732 0
    outer loop
      vertex 13.617 -11.4715 10
      vertex 12.6795 -10 6.8
      vertex 12.6795 -10 10
    endloop
  endfacet
  facet normal 0.843378 0.53732 0
    outer loop
      vertex 12.6795 -10 6.8
      vertex 13.617 -11.4715 10
      vertex 13.617 -11.4715 6.8
    endloop
  endfacet
  facet normal 0.991448 0.130504 0
    outer loop
      vertex 10.3038 -3.47296 10
      vertex 10.0761 -1.74311 6.8
      vertex 10.0761 -1.74311 10
    endloop
  endfacet
  facet normal 0.991448 0.130504 0
    outer loop
      vertex 10.0761 -1.74311 6.8
      vertex 10.3038 -3.47296 10
      vertex 10.3038 -3.47296 6.8
    endloop
  endfacet
  facet normal -0.976289 0.216473 0
    outer loop
      vertex 49.3185 -5.17638 6.8
      vertex 49.6962 -3.47296 10
      vertex 49.6962 -3.47296 6.8
    endloop
  endfacet
  facet normal -0.976289 0.216473 0
    outer loop
      vertex 49.6962 -3.47296 10
      vertex 49.3185 -5.17638 6.8
      vertex 49.3185 -5.17638 10
    endloop
  endfacet
  facet normal -0.608721 0.793384 0
    outer loop
      vertex 42.8558 -15.3209 6.8
      vertex 41.4715 -16.383 10
      vertex 42.8558 -15.3209 10
    endloop
  endfacet
  facet normal -0.608721 0.793384 0
    outer loop
      vertex 41.4715 -16.383 10
      vertex 42.8558 -15.3209 6.8
      vertex 41.4715 -16.383 6.8
    endloop
  endfacet
  facet normal 0.300676 0.953726 -0
    outer loop
      vertex 24.8236 -19.3185 6.8
      vertex 23.1596 -18.7939 10
      vertex 24.8236 -19.3185 10
    endloop
  endfacet
  facet normal 0.300676 0.953726 0
    outer loop
      vertex 23.1596 -18.7939 10
      vertex 24.8236 -19.3185 6.8
      vertex 23.1596 -18.7939 6.8
    endloop
  endfacet
  facet normal 0.923879 0.382686 0
    outer loop
      vertex 11.8738 -8.45236 10
      vertex 11.2061 -6.8404 6.8
      vertex 11.2061 -6.8404 10
    endloop
  endfacet
  facet normal 0.923879 0.382686 0
    outer loop
      vertex 11.2061 -6.8404 6.8
      vertex 11.8738 -8.45236 10
      vertex 11.8738 -8.45236 6.8
    endloop
  endfacet
  facet normal 0.999048 -0.0436161 0
    outer loop
      vertex 10 0 10
      vertex 10.0761 1.74311 6.8
      vertex 10.0761 1.74311 10
    endloop
  endfacet
  facet normal 0.999048 -0.0436161 0
    outer loop
      vertex 10.0761 1.74311 6.8
      vertex 10 0 10
      vertex 10 0 6.8
    endloop
  endfacet
  facet normal -0.675629 0.737242 0
    outer loop
      vertex 44.1421 -14.1421 6.8
      vertex 42.8558 -15.3209 10
      vertex 44.1421 -14.1421 10
    endloop
  endfacet
  facet normal -0.675629 0.737242 0
    outer loop
      vertex 42.8558 -15.3209 10
      vertex 44.1421 -14.1421 6.8
      vertex 42.8558 -15.3209 6.8
    endloop
  endfacet
  facet normal 0.737242 0.675629 0
    outer loop
      vertex 15.8579 -14.1421 10
      vertex 14.6791 -12.8558 6.8
      vertex 14.6791 -12.8558 10
    endloop
  endfacet
  facet normal 0.737242 0.675629 0
    outer loop
      vertex 14.6791 -12.8558 6.8
      vertex 15.8579 -14.1421 10
      vertex 15.8579 -14.1421 6.8
    endloop
  endfacet
  facet normal 0.793384 0.608721 0
    outer loop
      vertex 14.6791 -12.8558 10
      vertex 13.617 -11.4715 6.8
      vertex 13.617 -11.4715 10
    endloop
  endfacet
  facet normal 0.793384 0.608721 0
    outer loop
      vertex 13.617 -11.4715 6.8
      vertex 14.6791 -12.8558 10
      vertex 14.6791 -12.8558 6.8
    endloop
  endfacet
  facet normal 0.608721 0.793384 -0
    outer loop
      vertex 18.5285 -16.383 6.8
      vertex 17.1442 -15.3209 10
      vertex 18.5285 -16.383 10
    endloop
  endfacet
  facet normal 0.608721 0.793384 0
    outer loop
      vertex 17.1442 -15.3209 10
      vertex 18.5285 -16.383 6.8
      vertex 17.1442 -15.3209 6.8
    endloop
  endfacet
  facet normal 0.46178 0.886994 -0
    outer loop
      vertex 21.5476 -18.1262 6.8
      vertex 20 -17.3205 10
      vertex 21.5476 -18.1262 10
    endloop
  endfacet
  facet normal 0.46178 0.886994 0
    outer loop
      vertex 20 -17.3205 10
      vertex 21.5476 -18.1262 6.8
      vertex 20 -17.3205 6.8
    endloop
  endfacet
  facet normal -0.216475 -0.976288 0
    outer loop
      vertex 33.473 19.6962 6.8
      vertex 35.1764 19.3185 10
      vertex 33.473 19.6962 10
    endloop
  endfacet
  facet normal -0.216475 -0.976288 -0
    outer loop
      vertex 35.1764 19.3185 10
      vertex 33.473 19.6962 6.8
      vertex 35.1764 19.3185 6.8
    endloop
  endfacet
  facet normal -0.707104 -0.70711 0
    outer loop
      vertex 115.456 0 6.8
      vertex 90 25.4558 10
      vertex 90 25.4558 6.8
    endloop
  endfacet
  facet normal -0.707104 -0.70711 0
    outer loop
      vertex 90 25.4558 10
      vertex 115.456 0 6.8
      vertex 115.456 0 10
    endloop
  endfacet
  facet normal 0.707107 0.707107 0
    outer loop
      vertex 90 -25.4558 10
      vertex 64.5442 0 6.8
      vertex 64.5442 0 10
    endloop
  endfacet
  facet normal 0.707107 0.707107 0
    outer loop
      vertex 64.5442 0 6.8
      vertex 90 -25.4558 10
      vertex 90 -25.4558 6.8
    endloop
  endfacet
  facet normal 0.707107 -0.707107 0
    outer loop
      vertex 64.5442 0 10
      vertex 90 25.4558 6.8
      vertex 90 25.4558 10
    endloop
  endfacet
  facet normal 0.707107 -0.707107 0
    outer loop
      vertex 90 25.4558 6.8
      vertex 64.5442 0 10
      vertex 64.5442 0 6.8
    endloop
  endfacet
  facet normal 0 0 1
    outer loop
      vertex 90 25.4558 6.8
      vertex 90 -25.4558 6.8
      vertex 115.456 0 6.8
    endloop
  endfacet
  facet normal 0 -0 1
    outer loop
      vertex 90 -25.4558 6.8
      vertex 90 25.4558 6.8
      vertex 64.5442 0 6.8
    endloop
  endfacet
  facet normal -0.707104 0.70711 0
    outer loop
      vertex 90 -25.4558 6.8
      vertex 115.456 0 10
      vertex 115.456 0 6.8
    endloop
  endfacet
  facet normal -0.707104 0.70711 0
    outer loop
      vertex 115.456 0 10
      vertex 90 -25.4558 6.8
      vertex 90 -25.4558 10
    endloop
  endfacet
endsolid OpenSCAD_Model
